-- users
INSERT INTO users (id_user, first_name, last_name, email, password_hash, phone, created_at, is_admin) VALUES (1, 'Veronika', 'Kubíček', 'ysoukup@example.com', '6317c919dc49ee1a55cf9b21f270dc179a1fc38ccb05e6d4e43786024c00353e', '+420 603 840 930', '2025-05-23 16:12:28', 0);
INSERT INTO users (id_user, first_name, last_name, email, password_hash, phone, created_at, is_admin) VALUES (2, 'Robert', 'Jandová', 'stepankovamiluse@example.org', '344a592aec5bcfcf83fc760d96b56f90528cbbfe4354d79320b6af59de2820c7', '+420 732 610 310', '2025-10-22 20:20:38', 1);
INSERT INTO users (id_user, first_name, last_name, email, password_hash, phone, created_at, is_admin) VALUES (3, 'Soňa', 'Blažková', 'johana03@example.com', '4f3e761a2741121516103ddd2e68396482d79db60a67a4ea6e88ad3b948b164b', '00420 606 770 412', '2025-07-20 00:14:20', 0);
INSERT INTO users (id_user, first_name, last_name, email, password_hash, phone, created_at, is_admin) VALUES (4, 'Ignác', 'Bílková', 'sstrnad@example.org', 'fbba40aace926ea07817e896b9270d5784fd0644af3ed144b8c2ac2849d667f5', '+420 731 631 293', '2025-09-20 13:40:55', 0);
INSERT INTO users (id_user, first_name, last_name, email, password_hash, phone, created_at, is_admin) VALUES (5, 'Slavěna', 'Horáčková', 'zdenka20@example.com', 'e5b7a2745b51bc86f4b39b0b02be59983439abd939f334fb3ec94db9763a0733', '+420 737 238 014', '2025-03-03 13:42:12', 0);
INSERT INTO users (id_user, first_name, last_name, email, password_hash, phone, created_at, is_admin) VALUES (6, 'Michal', 'Němec', 'olga28@example.com', '04a5e811683bfa7590ae06d75d594630a5c2b0cadec9ace4dbf6ce1ceb41cd94', '+420 602 051 227', '2025-08-25 18:27:02', 0);
INSERT INTO users (id_user, first_name, last_name, email, password_hash, phone, created_at, is_admin) VALUES (7, 'Tereza', 'Sýkora', 'zemanovalada@example.com', '47549bfafa340078523af5cb653f8b52ec321d43fa6cc3a15423e562df38df17', '+420 605 825 512', '2024-11-15 01:38:34', 0);
INSERT INTO users (id_user, first_name, last_name, email, password_hash, phone, created_at, is_admin) VALUES (8, 'Žofie', 'Štěpánek', 'lumir76@example.net', '428b2ce109410388ba1fb96bd412b86013b85092b436f8c403cc7f76845bbae6', '00420 607 861 358', '2025-03-26 04:38:03', 0);
INSERT INTO users (id_user, first_name, last_name, email, password_hash, phone, created_at, is_admin) VALUES (9, 'Irena', 'Pešková', 'jbednarova@example.net', '8522299462a84e06371111823fe40a8e3b11136d4f9966255172a78c44d9d86a', '+420 705 025 734', '2025-06-19 18:44:33', 0);
INSERT INTO users (id_user, first_name, last_name, email, password_hash, phone, created_at, is_admin) VALUES (10, 'Dagmar', 'Macháčková', 'svecovadagmar@example.org', 'fefa5720a04ed974e6d6c6ebd8501496e600c492f1dec2d528c75e8d62f49bff', '+420 704 980 858', '2025-05-17 12:50:22', 1);
INSERT INTO users (id_user, first_name, last_name, email, password_hash, phone, created_at, is_admin) VALUES (11, 'Miroslava', 'Čermáková', 'mariamachackova@example.net', 'f6849954f62a5a12d05413892e70702a2f40233523a206190f88f9d84765b0ac', '+420 606 991 327', '2025-11-10 01:10:54', 0);
INSERT INTO users (id_user, first_name, last_name, email, password_hash, phone, created_at, is_admin) VALUES (12, 'Stanislav', 'Šmídová', 'blahovavilma@example.org', '61c42b59bfa2969f6b9e4332a462b57ac6e3af12c0ca3c2a4405f75bf4f9b930', '+420 608 954 991', '2025-01-27 04:37:39', 0);
INSERT INTO users (id_user, first_name, last_name, email, password_hash, phone, created_at, is_admin) VALUES (13, 'Štefan', 'Beranová', 'jelinkovajarmila@example.org', 'f8c1504e651ae5527329c521dd050216b5454bf3a0aa6132cced8f4c91a4206a', '+420 605 109 552', '2025-08-16 06:20:07', 1);
INSERT INTO users (id_user, first_name, last_name, email, password_hash, phone, created_at, is_admin) VALUES (14, 'Jozef', 'Sýkora', 'vacekivan@example.com', '3485d61aa0c9477d9ffe912b510acb512c86aad91393246e57927a8495e18daf', '00420 726 125 033', '2025-03-16 12:38:40', 0);
INSERT INTO users (id_user, first_name, last_name, email, password_hash, phone, created_at, is_admin) VALUES (15, 'Vendula', 'Sedláková', 'wsedlakova@example.org', 'f2f2342a09bba14a986c52a0dec316b9e447f85f3b318a4b11e26c371712f6ff', '+420 735 133 110', '2025-03-04 16:18:44', 0);
INSERT INTO users (id_user, first_name, last_name, email, password_hash, phone, created_at, is_admin) VALUES (16, 'Bohumír', 'Navrátil', 'svecradovan@example.net', '08c1b4d375ef295faf0d0c7553310cbd1361123def10d07acaf036fb905be7d8', '+420 604 565 287', '2025-06-04 15:59:07', 0);
INSERT INTO users (id_user, first_name, last_name, email, password_hash, phone, created_at, is_admin) VALUES (17, 'Erik', 'Matoušek', 'zakovaivona@example.org', '53a58123ea03d60fcdc002956294e922bd7fa2184498739e88425c9d3a06f8c6', '00420 601 857 830', '2024-12-09 04:58:11', 0);
INSERT INTO users (id_user, first_name, last_name, email, password_hash, phone, created_at, is_admin) VALUES (18, 'Anežka', 'Mašek', 'miroslavurban@example.net', '3b92152db521cb4ecb09d1c30156d2930f3ea17789f6ed5cac3e0c7123bd83f2', '00420 771 700 105', '2024-12-13 17:07:15', 0);
INSERT INTO users (id_user, first_name, last_name, email, password_hash, phone, created_at, is_admin) VALUES (19, 'Miroslav', 'Králová', 'vitkovasona@example.org', 'c190aec6ee07426ae2cc5621aae0c1e825eb0ddccd9bbded63d98b8753395d1a', '00420 608 627 326', '2025-04-12 09:46:36', 0);
INSERT INTO users (id_user, first_name, last_name, email, password_hash, phone, created_at, is_admin) VALUES (20, 'Vojtěch', 'Müllerová', 'hajkovasara@example.org', '990e984a28cb38be40fb5b624d5a7235e1c270c3d210c9efe9fa4e5396e33b40', '00420 725 302 369', '2025-09-25 02:00:28', 1);
INSERT INTO users (id_user, first_name, last_name, email, password_hash, phone, created_at, is_admin) VALUES (21, 'Dita', 'Beneš', 'kovarovaalice@example.net', 'ceb0bb6e2b2e13f0a055c577fde9a9b4de89bf4ef29a2e94db601fb7f81f9409', '00420 730 092 768', '2025-05-27 04:49:45', 0);
INSERT INTO users (id_user, first_name, last_name, email, password_hash, phone, created_at, is_admin) VALUES (22, 'Alena', 'Fišer', 'ilona54@example.org', '84c409e7ef99e0612b3bb2745628f963344789fbc524dd0ca225059f4f850411', '+420 778 409 079', '2025-05-25 21:53:58', 0);
INSERT INTO users (id_user, first_name, last_name, email, password_hash, phone, created_at, is_admin) VALUES (23, 'Renata', 'Havlíček', 'kasparovaalena@example.org', '99059f8c027848e49bca24acb33f1af6970bfc83fcb2f2cd8a46d52c947a51e7', '+420 606 293 527', '2025-07-28 04:20:28', 0);
INSERT INTO users (id_user, first_name, last_name, email, password_hash, phone, created_at, is_admin) VALUES (24, 'Tadeáš', 'Kučerová', 'vkriz@example.net', 'aa3510dc8eeb83a6e75d3c64d75e2fa274db602ee83785acb273fce2f4e840ed', '00420 703 972 389', '2025-06-18 19:34:06', 0);
INSERT INTO users (id_user, first_name, last_name, email, password_hash, phone, created_at, is_admin) VALUES (25, 'Jan', 'Bednář', 'stastnaerika@example.com', '38a58e5e8332c45429ceafbd4a6e7b923b70509b40141c5b76b499843e14370f', '00420 603 313 841', '2025-06-12 12:15:26', 0);
INSERT INTO users (id_user, first_name, last_name, email, password_hash, phone, created_at, is_admin) VALUES (26, 'Agáta', 'Tichý', 'havlicekradek@example.com', '07995d32411cdc4bdffe737aa709d765b5137b4e15c628bdb08f940fac8f8404', '+420 601 045 882', '2025-03-27 22:56:54', 0);
INSERT INTO users (id_user, first_name, last_name, email, password_hash, phone, created_at, is_admin) VALUES (27, 'Štěpánka', 'Musil', 'miluse55@example.org', '6118726a04aa890d3ea340ea9a98986651458b607cd9d2abd1bce92b33933e4f', '00420 602 087 784', '2025-05-05 16:16:57', 0);
INSERT INTO users (id_user, first_name, last_name, email, password_hash, phone, created_at, is_admin) VALUES (28, 'Patrik', 'Štěpánek', 'robertstepanek@example.org', '2a9a727ab4c637ba603a3e0f950ad2be94388d4c35aa21ca124b4619bdda899d', '00420 607 763 012', '2025-09-09 12:47:51', 0);
INSERT INTO users (id_user, first_name, last_name, email, password_hash, phone, created_at, is_admin) VALUES (29, 'Miroslav', 'Tichá', 'alicesimkova@example.org', 'b5552be63a1f51d5bcb623508c9a0dfa254ddd5b430378ae466ab6f7ae15266a', '00420 791 148 393', '2025-07-10 16:55:00', 0);
INSERT INTO users (id_user, first_name, last_name, email, password_hash, phone, created_at, is_admin) VALUES (30, 'Zuzana', 'Pokorná', 'spolakova@example.net', '065302f1ba15deb239b8210305d8a0afc54a488fd2e9737ff4566c70038dfde1', '00420 726 872 252', '2025-01-17 16:35:13', 0);
INSERT INTO users (id_user, first_name, last_name, email, password_hash, phone, created_at, is_admin) VALUES (31, 'Štěpánka', 'Horák', 'rudolfbures@example.net', 'b58ec1e1d4e701806d2d7d715bb31a5d81493b48e94b6386e97dc2269c6a2246', '+420 705 371 215', '2025-09-05 14:32:25', 0);
INSERT INTO users (id_user, first_name, last_name, email, password_hash, phone, created_at, is_admin) VALUES (32, 'Tomáš', 'Čech', 'miroslav69@example.org', '5d8761f7d7ad4f0fad6fd9cd53c40b7172ef3a36548e76469cef6290455ab52c', '00420 606 587 377', '2025-02-19 12:00:20', 0);
INSERT INTO users (id_user, first_name, last_name, email, password_hash, phone, created_at, is_admin) VALUES (33, 'Miluše', 'Hrubá', 'strnadvilem@example.org', 'f17ccfe6e93e82a71a6371804e413f3b5dbb7342193884eb777cca142a14f77d', '+420 703 195 849', '2025-02-28 22:53:01', 0);
INSERT INTO users (id_user, first_name, last_name, email, password_hash, phone, created_at, is_admin) VALUES (34, 'Sára', 'Procházková', 'horvathmiroslav@example.org', '0d47dbcbea75f4a2a76d6cb369358a9690800581739d0966d28148e113c90888', '00420 702 627 371', '2025-06-27 17:02:35', 0);
INSERT INTO users (id_user, first_name, last_name, email, password_hash, phone, created_at, is_admin) VALUES (35, 'Václav', 'Tůma', 'rostislav04@example.com', '124ccccac9289a14e730d7d0edcc9fe7b9ff853c83702c13ab193bf0882e2191', '+420 704 671 752', '2025-01-26 16:14:56', 0);
INSERT INTO users (id_user, first_name, last_name, email, password_hash, phone, created_at, is_admin) VALUES (36, 'Šárka', 'Pavlíček', 'ruzickovaklaudie@example.net', 'e92ce1c1844c1aa8372a97e2eebc4ee1b6eaf872d50ce25c2bec93f9626837c6', '+420 607 527 065', '2025-09-16 02:08:49', 0);
INSERT INTO users (id_user, first_name, last_name, email, password_hash, phone, created_at, is_admin) VALUES (37, 'Radoslav', 'Brož', 'ksmidova@example.org', '2891dc0e629f552d1e64623d6c753e3d6b7bbd242fe2a44c733e42079abec9a8', '00420 779 118 011', '2025-07-11 11:32:25', 0);
INSERT INTO users (id_user, first_name, last_name, email, password_hash, phone, created_at, is_admin) VALUES (38, 'Tadeáš', 'Procházková', 'ghajkova@example.org', 'f8a7173a3c85de919461a36b365e7846a68e50d4cbd3ae989fb1f3dd20edfc1a', '00420 775 668 294', '2025-03-31 23:26:30', 0);
INSERT INTO users (id_user, first_name, last_name, email, password_hash, phone, created_at, is_admin) VALUES (39, 'Robin', 'Burešová', 'pavlikantonin@example.net', '499a5d0d3df668816e0c7ecc94211ae07023dc415a5f4fc6ec9ada8c55f61d5d', '00420 606 688 426', '2025-11-02 13:27:07', 0);
INSERT INTO users (id_user, first_name, last_name, email, password_hash, phone, created_at, is_admin) VALUES (40, 'Natálie', 'Šimková', 'klarakrizova@example.net', 'f66d0a3726a090b179b621d9bb90dbc47c6a7d04199b9d7081e1ecbfc7f07556', '+420 605 466 673', '2025-10-27 00:36:49', 0);
INSERT INTO users (id_user, first_name, last_name, email, password_hash, phone, created_at, is_admin) VALUES (41, 'Iva', 'Fialová', 'sykoramiroslav@example.net', '6b71f2a9ee49f996c9be244a8d172dc0a9ab4e5bd187dc4f8a5ef23375889265', '+420 607 693 341', '2025-01-19 12:54:37', 0);
INSERT INTO users (id_user, first_name, last_name, email, password_hash, phone, created_at, is_admin) VALUES (42, 'Evelína', 'Vávra', 'nsevcikova@example.net', '77d9e1c0bc089dd6e8ef003fc47fd5f022f3f9c24aa5a055af18a96766e3bd2e', '+420 779 415 456', '2025-06-19 00:19:05', 1);
INSERT INTO users (id_user, first_name, last_name, email, password_hash, phone, created_at, is_admin) VALUES (43, 'Klaudie', 'Brožová', 'bohuslavhajek@example.net', 'ea064ad20b105ceb87d843b5fe56ec60af1acfdade3646862c049bdb2d294182', '+420 603 744 888', '2025-08-10 12:10:29', 0);
INSERT INTO users (id_user, first_name, last_name, email, password_hash, phone, created_at, is_admin) VALUES (44, 'Romana', 'Pavlíková', 'bkovarova@example.org', '5276f0a1ba33d61aecb0efb35cb9af9a1d70473b5d0683ad57616bd6d04e2278', '00420 703 227 603', '2025-10-29 14:08:15', 0);
INSERT INTO users (id_user, first_name, last_name, email, password_hash, phone, created_at, is_admin) VALUES (45, 'Iveta', 'Tesař', 'soukupovazuzana@example.com', '16a9bbd0c87629885bbc4e1f7ab498f95f54d64ac7689deeb6d80a2b891d105f', '+420 703 935 591', '2025-11-07 08:03:59', 0);
INSERT INTO users (id_user, first_name, last_name, email, password_hash, phone, created_at, is_admin) VALUES (46, 'Vlasta', 'Čechová', 'stastnyblahoslav@example.com', '8b5979bada0b8140f54bcb76e013381b819ca80b46744593c0ea606956eab71b', '00420 705 452 171', '2025-10-01 23:17:58', 0);
INSERT INTO users (id_user, first_name, last_name, email, password_hash, phone, created_at, is_admin) VALUES (47, 'Jan', 'Soukup', 'horakovabohumila@example.com', '219444a9a96d19fc40028fc2b4b56d8215540265792c862e642938ed2fd425cd', '+420 702 788 838', '2025-02-13 02:51:57', 0);
INSERT INTO users (id_user, first_name, last_name, email, password_hash, phone, created_at, is_admin) VALUES (48, 'Otýlie', 'Moravcová', 'drahoslavasvobodova@example.org', '5ce4ca6c392492f265970dd5a1295e946f16c9a8f2ce2c2626c9896bef73d09e', '+420 739 615 767', '2025-03-25 12:46:23', 0);
INSERT INTO users (id_user, first_name, last_name, email, password_hash, phone, created_at, is_admin) VALUES (49, 'Bohumila', 'Janda', 'hajekartur@example.net', '675799907abe7630a863420af976c98058a94cb995c1333b40db28efe5d5c380', '+420 602 263 097', '2025-01-09 13:30:42', 0);
INSERT INTO users (id_user, first_name, last_name, email, password_hash, phone, created_at, is_admin) VALUES (50, 'Jaroslava', 'Marek', 'markovakamila@example.org', '5ea3b4a94d348e94518ac8b9bae653093d88e3a949748cc99d834cd451e3b3b0', '+420 608 090 814', '2025-07-14 11:15:56', 0);

-- categories
INSERT INTO categories (id_category, name, description, parent_id) VALUES (1, 'Smartphony', 'Smartphony a příslušenství: Teda zaplatit tempo kožený televize úhel sukně.', NULL);
INSERT INTO categories (id_category, name, description, parent_id) VALUES (2, 'Notebooky', 'Notebooky a příslušenství: Poznatek strana blížit plátno snímek.', NULL);
INSERT INTO categories (id_category, name, description, parent_id) VALUES (3, 'Televizory', 'Televizory a příslušenství: Objem kresba rezerva podnikatelský vysvětlovat vyprávět rozhodnout.', NULL);
INSERT INTO categories (id_category, name, description, parent_id) VALUES (4, 'Audio', 'Audio a příslušenství: Duchovní manžel hluk soudit obvod porovnání.', NULL);
INSERT INTO categories (id_category, name, description, parent_id) VALUES (5, 'Doplňky', 'Doplňky a příslušenství: Bezpečný pracovat pouto malovat karta že stanovený přenášet led.', NULL);
INSERT INTO categories (id_category, name, description, parent_id) VALUES (6, 'Nositelná elektronika', 'Nositelná elektronika a příslušenství: Tělesný pokoj spisovatel ovocný komentář válečný zdůrazňovat vysílání Karlův aha ZOO.', NULL);
INSERT INTO categories (id_category, name, description, parent_id) VALUES (7, 'Fototechnika', 'Fototechnika a příslušenství: Nacházet nárok zábradlí půjčit gólman kdo.', NULL);
INSERT INTO categories (id_category, name, description, parent_id) VALUES (8, 'Komponenty', 'Komponenty a příslušenství: Slyšet záloha ahoj připustit princezna.', 6);

-- products
INSERT INTO products (id_product, id_category, name, description, price, stock, brand, img, created_at) VALUES (1, 4, 'Xiaomi F69-584', 'Xiaomi F69-584 — 64GB RAM, 2TB storage. Obsahující rada prožít státní km strop.', 8463.46, 285, 'Xiaomi', 'https://example.com/images/1.jpg', '2024-12-03 07:43:03');
INSERT INTO products (id_product, id_category, name, description, price, stock, brand, img, created_at) VALUES (2, 4, 'JBL E55-468', 'JBL E55-468 — 8GB RAM, 512GB storage. Společník přítomný balíček výborně nově dětský komisař vyplývat švédský milovaný dokázat Kč.', 24743.18, 161, 'JBL', 'https://example.com/images/2.jpg', '2024-11-26 00:50:33');
INSERT INTO products (id_product, id_category, name, description, price, stock, brand, img, created_at) VALUES (3, 7, 'HP A50-832', 'HP A50-832 — 8GB RAM, 512GB storage. Úloha příjemný řemeslo mluvčí dokument počítat copak vinný role zničit.', 182974.68, 290, 'HP', 'https://example.com/images/3.jpg', '2025-07-30 10:22:19');
INSERT INTO products (id_product, id_category, name, description, price, stock, brand, img, created_at) VALUES (4, 6, 'Asus W17-908', 'Asus W17-908 — 64GB RAM, 2TB storage. Umírat interval úsměv radost výbava jihočeský uvolnit učit.', 17808.98, 234, 'Asus', 'https://example.com/images/4.jpg', '2024-12-22 14:49:32');
INSERT INTO products (id_product, id_category, name, description, price, stock, brand, img, created_at) VALUES (5, 3, 'HP Z12-097', 'HP Z12-097 — 16GB RAM, 512GB storage. Šeptat postupně vteřina koruna splnit varování prezident důl zpěvák výtvarný hrnec dávný okamžitý.', 113278.41, 275, 'HP', 'https://example.com/images/5.jpg', '2025-04-22 10:56:50');
INSERT INTO products (id_product, id_category, name, description, price, stock, brand, img, created_at) VALUES (6, 5, 'Intel X52-199', 'Intel X52-199 — 128GB RAM, 2TB storage. Kromě jistě osmdesát hele byť grafický ano vyrobit nejistota.', 1873.78, 70, 'Intel', 'https://example.com/images/6.jpg', '2024-11-22 11:51:02');
INSERT INTO products (id_product, id_category, name, description, price, stock, brand, img, created_at) VALUES (7, 8, 'Sony R20-351', 'Sony R20-351 — 8GB RAM, 256GB storage. Tehdy samý specializovaný průmysl vyřešit klobouk duch odvaha vnitro tajemník ubohý stanovení.', 7811.50, 81, 'Sony', 'https://example.com/images/7.jpg', '2025-08-08 16:57:15');
INSERT INTO products (id_product, id_category, name, description, price, stock, brand, img, created_at) VALUES (8, 7, 'Sony E07-225', 'Sony E07-225 — 64GB RAM, 2TB storage. Příjezd kufr slabý nařízení citlivý funkční dostávat režie zábava váha mozek zralý nýbrž cihla.', 120794.13, 239, 'Sony', 'https://example.com/images/8.jpg', '2025-09-25 10:36:06');
INSERT INTO products (id_product, id_category, name, description, price, stock, brand, img, created_at) VALUES (9, 5, 'Samsung P86-792', 'Samsung P86-792 — 8GB RAM, 1TB storage. Mokrý těžce pošta konečný letní vzrůst váhat uznání.', 3866.13, 174, 'Samsung', 'https://example.com/images/9.jpg', '2025-11-08 14:09:59');
INSERT INTO products (id_product, id_category, name, description, price, stock, brand, img, created_at) VALUES (10, 2, 'Bose W29-605', 'Bose W29-605 — 64GB RAM, 512GB storage. Dojet pořád světle přímo osud dosažení dopřát předchozí hrob peníze rýže.', 40668.11, 134, 'Bose', 'https://example.com/images/10.jpg', '2025-01-08 18:10:27');
INSERT INTO products (id_product, id_category, name, description, price, stock, brand, img, created_at) VALUES (11, 3, 'Microsoft Q02-320', 'Microsoft Q02-320 — 8GB RAM, 1TB storage. Kritický protivník speciálně unikátní zlomit ideální jmenovaný znamenat touha ukončit.', 127200.39, 259, 'Microsoft', 'https://example.com/images/11.jpg', '2025-04-13 06:01:25');
INSERT INTO products (id_product, id_category, name, description, price, stock, brand, img, created_at) VALUES (12, 4, 'Panasonic P95-880', 'Panasonic P95-880 — 32GB RAM, 512GB storage. In výnos vrhnout příroda pronést či funkce kdokoli sluneční otřít blízko.', 16411.68, 271, 'Panasonic', 'https://example.com/images/12.jpg', '2024-12-31 20:52:27');
INSERT INTO products (id_product, id_category, name, description, price, stock, brand, img, created_at) VALUES (13, 1, 'JBL Z43-630', 'JBL Z43-630 — 64GB RAM, 256GB storage. Ústí kráva hlasitě vozit zařídit oranžový samota.', 8915.37, 185, 'JBL', 'https://example.com/images/13.jpg', '2025-11-03 17:23:21');
INSERT INTO products (id_product, id_category, name, description, price, stock, brand, img, created_at) VALUES (14, 5, 'Dell E66-252', 'Dell E66-252 — 8GB RAM, 512GB storage. Pohádka pomocí vánoční zajišťovat houba obytný konflikt večeře pocházet profese výprava koukat.', 4402.25, 40, 'Dell', 'https://example.com/images/14.jpg', '2025-01-14 14:06:39');
INSERT INTO products (id_product, id_category, name, description, price, stock, brand, img, created_at) VALUES (15, 2, 'Nvidia I10-832', 'Nvidia I10-832 — 8GB RAM, 512GB storage. Zapadnout pokuta vlastnost těžit procesor fotbalový s uplynout chemický nikam soupeř.', 17244.19, 243, 'Nvidia', 'https://example.com/images/15.jpg', '2025-06-27 01:17:01');
INSERT INTO products (id_product, id_category, name, description, price, stock, brand, img, created_at) VALUES (16, 3, 'HP K78-836', 'HP K78-836 — 128GB RAM, 2TB storage. Hladký minerál nařízení dodržovat odraz likvidace vyrobený natáčení podnikat.', 144868.26, 276, 'HP', 'https://example.com/images/16.jpg', '2025-06-12 01:48:41');
INSERT INTO products (id_product, id_category, name, description, price, stock, brand, img, created_at) VALUES (17, 4, 'Bose H85-398', 'Bose H85-398 — 64GB RAM, 1TB storage. Absolutní že vysoko populární uvedený potvrzovat tržba plátno.', 13423.95, 264, 'Bose', 'https://example.com/images/17.jpg', '2024-11-15 17:25:45');
INSERT INTO products (id_product, id_category, name, description, price, stock, brand, img, created_at) VALUES (18, 8, 'LG A16-228', 'LG A16-228 — 16GB RAM, 512GB storage. Osa příslušník uvěřitelně naděje stojící náležet.', 3388.49, 10, 'LG', 'https://example.com/images/18.jpg', '2025-06-20 05:44:51');
INSERT INTO products (id_product, id_category, name, description, price, stock, brand, img, created_at) VALUES (19, 4, 'Dell V98-922', 'Dell V98-922 — 8GB RAM, 256GB storage. Přitahovat pokuta vysoce neustálý chlap severní investor mírný.', 21381.31, 30, 'Dell', 'https://example.com/images/19.jpg', '2025-09-13 10:41:40');
INSERT INTO products (id_product, id_category, name, description, price, stock, brand, img, created_at) VALUES (20, 4, 'Sony Q51-149', 'Sony Q51-149 — 8GB RAM, 1TB storage. Vzdělávání farma svět bod kožený zdarma.', 2590.29, 121, 'Sony', 'https://example.com/images/20.jpg', '2025-02-09 19:10:16');
INSERT INTO products (id_product, id_category, name, description, price, stock, brand, img, created_at) VALUES (21, 5, 'Nvidia G26-741', 'Nvidia G26-741 — 16GB RAM, 512GB storage. Zámek náboženský milenka zařadit ubohý nouze dopředu vzorek platnost vpravo předseda bolet.', 3644.43, 292, 'Nvidia', 'https://example.com/images/21.jpg', '2025-09-02 23:22:34');
INSERT INTO products (id_product, id_category, name, description, price, stock, brand, img, created_at) VALUES (22, 8, 'Dell L78-297', 'Dell L78-297 — 64GB RAM, 2TB storage. Spodní dlouholetý revoluční blízkost vyjet trouba starosta řádek pozorování zastřelit zabít základna jistý.', 9682.41, 49, 'Dell', 'https://example.com/images/22.jpg', '2025-05-17 14:56:19');
INSERT INTO products (id_product, id_category, name, description, price, stock, brand, img, created_at) VALUES (23, 7, 'Canon R46-431', 'Canon R46-431 — 64GB RAM, 2TB storage. Zaměření dosažení stavební zaslechnout položka žaloba vystřelit květen okruh styk negativní družstvo.', 95536.83, 27, 'Canon', 'https://example.com/images/23.jpg', '2025-01-17 02:35:01');
INSERT INTO products (id_product, id_category, name, description, price, stock, brand, img, created_at) VALUES (24, 2, 'Apple L83-715', 'Apple L83-715 — 64GB RAM, 1TB storage. Pojem poušť ocitnout výzkumný stánek modrý mechanický zírat řídit interval hněv blízký generální.', 65642.66, 55, 'Apple', 'https://example.com/images/24.jpg', '2025-04-06 13:36:56');
INSERT INTO products (id_product, id_category, name, description, price, stock, brand, img, created_at) VALUES (25, 4, 'Asus P08-276', 'Asus P08-276 — 16GB RAM, 2TB storage. Integrovaný muzeum trať tady nahoře nikdy.', 4635.38, 93, 'Asus', 'https://example.com/images/25.jpg', '2025-10-19 04:48:07');
INSERT INTO products (id_product, id_category, name, description, price, stock, brand, img, created_at) VALUES (26, 5, 'AMD H47-824', 'AMD H47-824 — 16GB RAM, 256GB storage. Dodržovat houba vypravit kontext vtip znovu správně večeře postihnout minimum díra úmrtí dotknout.', 2271.34, 281, 'AMD', 'https://example.com/images/26.jpg', '2025-08-12 21:16:52');
INSERT INTO products (id_product, id_category, name, description, price, stock, brand, img, created_at) VALUES (27, 2, 'Apple S13-064', 'Apple S13-064 — 128GB RAM, 256GB storage. Donést svaz blízkost britský trestní odpor přijmout pás dostatek vlastnictví.', 77767.73, 121, 'Apple', 'https://example.com/images/27.jpg', '2025-02-11 23:42:50');
INSERT INTO products (id_product, id_category, name, description, price, stock, brand, img, created_at) VALUES (28, 3, 'Intel B28-873', 'Intel B28-873 — 64GB RAM, 2TB storage. Tón hřích DPH kontinent porazit nůž zapojit jistě konference Asie princip.', 36779.61, 205, 'Intel', 'https://example.com/images/28.jpg', '2025-01-17 02:47:46');
INSERT INTO products (id_product, id_category, name, description, price, stock, brand, img, created_at) VALUES (29, 1, 'Xiaomi R09-379', 'Xiaomi R09-379 — 64GB RAM, 256GB storage. Cesta dobrovolně zaslechnout úsek viset komplex.', 39485.81, 135, 'Xiaomi', 'https://example.com/images/29.jpg', '2025-02-17 21:22:31');
INSERT INTO products (id_product, id_category, name, description, price, stock, brand, img, created_at) VALUES (30, 8, 'Bose S64-873', 'Bose S64-873 — 64GB RAM, 2TB storage. Zpracovat odměna Čechy výročí odměna plavat ubohý strýc vůbec.', 7908.88, 151, 'Bose', 'https://example.com/images/30.jpg', '2025-02-03 09:08:46');
INSERT INTO products (id_product, id_category, name, description, price, stock, brand, img, created_at) VALUES (31, 4, 'Apple I94-350', 'Apple I94-350 — 128GB RAM, 256GB storage. Plátno plus barevný platný možný únor had symbol problematický patrně umění hvězdný John.', 22565.28, 29, 'Apple', 'https://example.com/images/31.jpg', '2025-01-11 17:39:56');
INSERT INTO products (id_product, id_category, name, description, price, stock, brand, img, created_at) VALUES (32, 1, 'Nvidia O96-665', 'Nvidia O96-665 — 128GB RAM, 512GB storage. Zřejmě laboratoř kdesi několikrát dosahovat nakonec.', 6990.79, 260, 'Nvidia', 'https://example.com/images/32.jpg', '2024-11-26 01:57:00');
INSERT INTO products (id_product, id_category, name, description, price, stock, brand, img, created_at) VALUES (33, 2, 'Xiaomi X97-832', 'Xiaomi X97-832 — 8GB RAM, 256GB storage. Tempo tank než Brazílie oddělit úspěšný koukat ničit provozovat myslet člun středověký.', 56615.30, 120, 'Xiaomi', 'https://example.com/images/33.jpg', '2025-09-10 20:12:39');
INSERT INTO products (id_product, id_category, name, description, price, stock, brand, img, created_at) VALUES (34, 7, 'LG V53-901', 'LG V53-901 — 128GB RAM, 512GB storage. Skleněný klid rýže plný mávnout kabel výrobek planeta úmrtí automaticky.', 117468.14, 20, 'LG', 'https://example.com/images/34.jpg', '2025-07-03 01:25:13');
INSERT INTO products (id_product, id_category, name, description, price, stock, brand, img, created_at) VALUES (35, 2, 'Intel S03-028', 'Intel S03-028 — 128GB RAM, 1TB storage. Přečíst hrana dopoledne ač opakovaně nedávno.', 75298.85, 104, 'Intel', 'https://example.com/images/35.jpg', '2025-08-09 09:49:09');
INSERT INTO products (id_product, id_category, name, description, price, stock, brand, img, created_at) VALUES (36, 6, 'Dell D11-381', 'Dell D11-381 — 32GB RAM, 2TB storage. Soulad hrad pěst záhy řasa zákon tmavý významný marně na alternativní objev.', 3486.69, 153, 'Dell', 'https://example.com/images/36.jpg', '2025-04-28 20:36:34');
INSERT INTO products (id_product, id_category, name, description, price, stock, brand, img, created_at) VALUES (37, 8, 'JBL Y92-166', 'JBL Y92-166 — 8GB RAM, 256GB storage. Výklad až Angličan zase představit anglický rozhlédnout se prozatím.', 23022.62, 288, 'JBL', 'https://example.com/images/37.jpg', '2025-01-20 03:53:19');
INSERT INTO products (id_product, id_category, name, description, price, stock, brand, img, created_at) VALUES (38, 2, 'Sony Z29-583', 'Sony Z29-583 — 128GB RAM, 512GB storage. Povídat pouze denní skvrna vzduch odpor přinejmenším postup ponořit zahraniční post opuštěný.', 44423.70, 67, 'Sony', 'https://example.com/images/38.jpg', '2025-03-03 15:39:54');
INSERT INTO products (id_product, id_category, name, description, price, stock, brand, img, created_at) VALUES (39, 6, 'Sony V05-797', 'Sony V05-797 — 16GB RAM, 1TB storage. Chod zboží rýže dlouho projíždět vybrat prakticky představovat trestný.', 6414.76, 224, 'Sony', 'https://example.com/images/39.jpg', '2025-06-21 13:39:13');
INSERT INTO products (id_product, id_category, name, description, price, stock, brand, img, created_at) VALUES (40, 5, 'Microsoft C07-581', 'Microsoft C07-581 — 8GB RAM, 1TB storage. Div církevní sáček záviset vyrovnaný schránka šéf právní únor srazit složení pořádně anděl.', 4665.60, 53, 'Microsoft', 'https://example.com/images/40.jpg', '2025-01-24 06:40:38');
INSERT INTO products (id_product, id_category, name, description, price, stock, brand, img, created_at) VALUES (41, 3, 'HP C03-180', 'HP C03-180 — 8GB RAM, 256GB storage. Souhlas voják past okolí operace forma div obrat nulový stůl de podnět prst vyžádat.', 112908.00, 79, 'HP', 'https://example.com/images/41.jpg', '2025-07-26 21:40:43');
INSERT INTO products (id_product, id_category, name, description, price, stock, brand, img, created_at) VALUES (42, 5, 'Bose I92-667', 'Bose I92-667 — 128GB RAM, 512GB storage. Uvádět velký příšerný zaměstnanec magistrát jízdní město otevřít klima znalec cílový.', 3616.30, 104, 'Bose', 'https://example.com/images/42.jpg', '2025-09-22 22:41:40');
INSERT INTO products (id_product, id_category, name, description, price, stock, brand, img, created_at) VALUES (43, 5, 'Microsoft G15-192', 'Microsoft G15-192 — 64GB RAM, 1TB storage. Jistota půlnoc Sobotka tradiční konkurence jedinec tržba interakce stín technologie plot nádobí.', 4536.15, 26, 'Microsoft', 'https://example.com/images/43.jpg', '2025-09-04 02:44:20');
INSERT INTO products (id_product, id_category, name, description, price, stock, brand, img, created_at) VALUES (44, 2, 'Intel L38-121', 'Intel L38-121 — 32GB RAM, 256GB storage. Zajímavost pára poznat naštěstí pojmenovat překážka usadit e-mail Zdeněk osamělý.', 8255.29, 66, 'Intel', 'https://example.com/images/44.jpg', '2025-04-17 17:46:30');
INSERT INTO products (id_product, id_category, name, description, price, stock, brand, img, created_at) VALUES (45, 5, 'Xiaomi N41-699', 'Xiaomi N41-699 — 64GB RAM, 2TB storage. Aha třetí stadium kouřit povzdechnout závislost návrh.', 2848.44, 57, 'Xiaomi', 'https://example.com/images/45.jpg', '2025-09-28 09:59:44');
INSERT INTO products (id_product, id_category, name, description, price, stock, brand, img, created_at) VALUES (46, 2, 'Panasonic I05-687', 'Panasonic I05-687 — 128GB RAM, 256GB storage. Vyspělý zvukový malovat gólman video desátý výchova týdně pruh nechávat zeď.', 68090.84, 298, 'Panasonic', 'https://example.com/images/46.jpg', '2024-11-28 05:29:39');
INSERT INTO products (id_product, id_category, name, description, price, stock, brand, img, created_at) VALUES (47, 3, 'Intel S79-279', 'Intel S79-279 — 16GB RAM, 256GB storage. Hraní dvakrát kosmický úmysl expert pláč pokoj.', 50389.20, 20, 'Intel', 'https://example.com/images/47.jpg', '2025-04-22 20:50:06');
INSERT INTO products (id_product, id_category, name, description, price, stock, brand, img, created_at) VALUES (48, 6, 'Asus P99-627', 'Asus P99-627 — 16GB RAM, 256GB storage. Severní odmlčet zvyk pomyslet dobrovolně vzdělávání dočkat předchůdce vyzvednout prsa prvý.', 7719.89, 286, 'Asus', 'https://example.com/images/48.jpg', '2025-07-16 00:47:39');
INSERT INTO products (id_product, id_category, name, description, price, stock, brand, img, created_at) VALUES (49, 7, 'Panasonic B17-177', 'Panasonic B17-177 — 16GB RAM, 512GB storage. Aniž ruský územní jedině dřevo napětí nebezpečí soudní nastoupit protivník.', 195336.38, 90, 'Panasonic', 'https://example.com/images/49.jpg', '2025-02-15 06:46:51');
INSERT INTO products (id_product, id_category, name, description, price, stock, brand, img, created_at) VALUES (50, 7, 'Samsung D49-007', 'Samsung D49-007 — 16GB RAM, 1TB storage. Přestěhovat uvědomit přítel odvážný připojení mládí nabídnout protest vydržet styk výzva štěstí David.', 157347.75, 210, 'Samsung', 'https://example.com/images/50.jpg', '2025-08-07 01:41:05');
INSERT INTO products (id_product, id_category, name, description, price, stock, brand, img, created_at) VALUES (51, 4, 'HP J21-297', 'HP J21-297 — 16GB RAM, 256GB storage. Světový odhadovat křehký svaz bitva přispět Afrika obava.', 11784.98, 19, 'HP', 'https://example.com/images/51.jpg', '2025-10-03 13:45:40');
INSERT INTO products (id_product, id_category, name, description, price, stock, brand, img, created_at) VALUES (52, 8, 'Dell E53-710', 'Dell E53-710 — 16GB RAM, 2TB storage. Požadovaný nahrávka pohoda strava zemědělský republika osmnáct.', 17612.99, 116, 'Dell', 'https://example.com/images/52.jpg', '2025-05-08 02:16:40');
INSERT INTO products (id_product, id_category, name, description, price, stock, brand, img, created_at) VALUES (53, 4, 'Samsung P35-387', 'Samsung P35-387 — 16GB RAM, 2TB storage. Výhled samý Španělsko plynový ukončit monitor móda obyčejný spolek struktura.', 10183.73, 35, 'Samsung', 'https://example.com/images/53.jpg', '2025-01-14 20:46:55');
INSERT INTO products (id_product, id_category, name, description, price, stock, brand, img, created_at) VALUES (54, 5, 'Canon J62-634', 'Canon J62-634 — 128GB RAM, 2TB storage. Lze náhradní pojišťovna potenciální oblečený srdeční využívání potřebný smutek hrabě nabízet.', 3429.64, 274, 'Canon', 'https://example.com/images/54.jpg', '2025-04-09 17:58:07');
INSERT INTO products (id_product, id_category, name, description, price, stock, brand, img, created_at) VALUES (55, 6, 'Samsung M60-964', 'Samsung M60-964 — 8GB RAM, 1TB storage. Kabina pláč příslušník the mysl klima třicet předat.', 4392.79, 135, 'Samsung', 'https://example.com/images/55.jpg', '2025-06-20 23:14:20');
INSERT INTO products (id_product, id_category, name, description, price, stock, brand, img, created_at) VALUES (56, 1, 'LG H67-396', 'LG H67-396 — 128GB RAM, 2TB storage. Jezero letecký schůzka budovat úspěšně ba civilizace ODS reálný jaderný maximum těsto.', 17099.05, 160, 'LG', 'https://example.com/images/56.jpg', '2025-07-01 10:42:38');
INSERT INTO products (id_product, id_category, name, description, price, stock, brand, img, created_at) VALUES (57, 7, 'Microsoft W18-587', 'Microsoft W18-587 — 8GB RAM, 2TB storage. Zdůraznit mříž vášeň holý chlapík Čecho komunální betonový lano stáhnout biologický humor.', 180302.93, 97, 'Microsoft', 'https://example.com/images/57.jpg', '2025-04-28 13:56:38');
INSERT INTO products (id_product, id_category, name, description, price, stock, brand, img, created_at) VALUES (58, 5, 'Apple G30-943', 'Apple G30-943 — 64GB RAM, 256GB storage. Ihned čára volant Vltava medvěd převod partner kníže milión jo zpracovávat redaktor.', 2647.61, 275, 'Apple', 'https://example.com/images/58.jpg', '2025-08-16 12:07:07');
INSERT INTO products (id_product, id_category, name, description, price, stock, brand, img, created_at) VALUES (59, 4, 'Canon O54-866', 'Canon O54-866 — 64GB RAM, 256GB storage. Skandál čtyřicet představa šance týž typický posoudit rostoucí lék obvyklý zvládnout.', 28491.80, 169, 'Canon', 'https://example.com/images/59.jpg', '2025-08-03 04:23:32');
INSERT INTO products (id_product, id_category, name, description, price, stock, brand, img, created_at) VALUES (60, 6, 'LG Z69-550', 'LG Z69-550 — 32GB RAM, 1TB storage. Vysílat pohlédnout kurs prostorový lišit použít účastnit stávat.', 13670.97, 167, 'LG', 'https://example.com/images/60.jpg', '2025-09-07 13:45:04');

-- orders
INSERT INTO orders (id_order, id_user, order_date, status, total_price, shipping_address, billing_address) VALUES (1, 26, '2025-06-10 03:46:51', 'cancelled', 311070.92, 'Čerpadlová 53
472 23 Brtnice', 'Kosmonautů 141
640 81 Verneřice');
INSERT INTO orders (id_order, id_user, order_date, status, total_price, shipping_address, billing_address) VALUES (2, 19, '2025-08-04 12:10:58', 'delivered', 111368.84, 'Moravanská 6
693 86 Kravaře', 'Na Poustkách 72
214 64 Jílové');
INSERT INTO orders (id_order, id_user, order_date, status, total_price, shipping_address, billing_address) VALUES (3, 9, '2025-08-01 14:54:31', 'pending', 23049.76, 'Kostnické Náměstí 7
163 78 Zliv', 'Augustova 3
656 12 Frýdlant nad Ostravicí');
INSERT INTO orders (id_order, id_user, order_date, status, total_price, shipping_address, billing_address) VALUES (4, 27, '2025-06-16 08:32:58', 'cancelled', 860061.82, 'Družná 878
331 35 Liběchov', 'U Balabenky 14
715 66 Jáchymov');
INSERT INTO orders (id_order, id_user, order_date, status, total_price, shipping_address, billing_address) VALUES (5, 25, '2025-08-12 09:07:50', 'cancelled', 56398.17, 'Na Vartě 109
152 91 Stárkov', 'K Háječku 78
466 72 Protivín');
INSERT INTO orders (id_order, id_user, order_date, status, total_price, shipping_address, billing_address) VALUES (6, 48, '2025-04-07 10:37:01', 'pending', 89044.90, 'Musílkova 576
632 74 Nalžovské Hory', 'Ambrožova 7
470 13 Nové Strašecí');
INSERT INTO orders (id_order, id_user, order_date, status, total_price, shipping_address, billing_address) VALUES (7, 40, '2025-08-30 15:57:05', 'delivered', 235650.51, 'Ingrišova 3
250 13 Vidnava', 'K Betáni 11
636 04 Bojkovice');
INSERT INTO orders (id_order, id_user, order_date, status, total_price, shipping_address, billing_address) VALUES (8, 20, '2025-04-19 19:05:51', 'shipped', 64143.93, 'Mírová 8
104 26 Luže', 'Kunratická 76
425 02 Rokytnice v Orlických horách');
INSERT INTO orders (id_order, id_user, order_date, status, total_price, shipping_address, billing_address) VALUES (9, 36, '2024-12-04 14:35:01', 'created', 170901.71, 'Vizovická 8
312 62 Pyšely', 'Tichonická 348
207 13 Zlaté Hory');
INSERT INTO orders (id_order, id_user, order_date, status, total_price, shipping_address, billing_address) VALUES (10, 20, '2024-12-28 21:46:13', 'processing', 208671.78, 'Izraelská 65
552 15 Koryčany', 'Sámova 536
358 55 Police nad Metují');
INSERT INTO orders (id_order, id_user, order_date, status, total_price, shipping_address, billing_address) VALUES (11, 14, '2024-11-29 20:59:27', 'shipped', 19593.13, 'U Dobešky 875
557 64 Opava', 'Pod Velkým Hájem 19
219 45 Ronov nad Doubravou');
INSERT INTO orders (id_order, id_user, order_date, status, total_price, shipping_address, billing_address) VALUES (12, 38, '2025-08-25 15:13:41', 'delivered', 207612.70, 'Doubická 670
473 52 Rýmařov', 'Mazancova 5
529 69 Police nad Metují');
INSERT INTO orders (id_order, id_user, order_date, status, total_price, shipping_address, billing_address) VALUES (13, 42, '2025-01-24 12:57:22', 'processing', 935800.80, 'Adélčina 584
195 69 Borohrádek', 'Kalská 3
131 80 Duchcov');
INSERT INTO orders (id_order, id_user, order_date, status, total_price, shipping_address, billing_address) VALUES (14, 30, '2025-08-06 08:37:14', 'shipped', 596803.94, 'Fügnerovo Náměstí 865
618 19 Březnice', 'Klecanská 15
267 36 Nová Paka');
INSERT INTO orders (id_order, id_user, order_date, status, total_price, shipping_address, billing_address) VALUES (15, 29, '2025-02-22 15:19:52', 'cancelled', 46045.24, 'Plynárenská 794
548 60 Velešín', 'Ke Břvům 5
336 81 Šlapanice');
INSERT INTO orders (id_order, id_user, order_date, status, total_price, shipping_address, billing_address) VALUES (16, 14, '2025-01-09 12:13:27', 'delivered', 137662.66, 'Hasičská 564
629 28 Dobříš', 'Jarešova 708
747 90 Dobříš');
INSERT INTO orders (id_order, id_user, order_date, status, total_price, shipping_address, billing_address) VALUES (17, 31, '2025-06-12 13:42:31', 'cancelled', 41012.91, 'Doubravická 975
167 85 Stárkov', 'Pikovická 69
102 94 Trhové Sviny');
INSERT INTO orders (id_order, id_user, order_date, status, total_price, shipping_address, billing_address) VALUES (18, 11, '2025-07-01 17:43:19', 'cancelled', 68396.20, 'Dolní Chaloupky 27
703 12 Počátky', 'U Nových Domů I 2
224 91 Kynšperk nad Ohří');
INSERT INTO orders (id_order, id_user, order_date, status, total_price, shipping_address, billing_address) VALUES (19, 6, '2024-12-23 06:43:12', 'processing', 68976.76, 'Do Dubin 531
310 72 Šluknov', 'V Tehovičkách 40
462 70 Bohušovice nad Ohří');
INSERT INTO orders (id_order, id_user, order_date, status, total_price, shipping_address, billing_address) VALUES (20, 33, '2025-05-18 06:29:53', 'cancelled', 474328.82, 'Na Šafránce 2
677 08 Nový Bydžov', 'U Hostivařského Nádraží 730
422 18 Zákupy');
INSERT INTO orders (id_order, id_user, order_date, status, total_price, shipping_address, billing_address) VALUES (21, 41, '2025-01-31 23:19:32', 'delivered', 745440.45, 'Jandova 78
791 14 Sezimovo Ústí', 'Na Břevnovské Pláni 49
557 29 Brušperk');
INSERT INTO orders (id_order, id_user, order_date, status, total_price, shipping_address, billing_address) VALUES (22, 22, '2024-12-23 23:53:29', 'created', 16411.68, 'Na Srážku 946
252 27 Košťany', 'Vyhlídkova 184
222 36 Letohrad');
INSERT INTO orders (id_order, id_user, order_date, status, total_price, shipping_address, billing_address) VALUES (23, 49, '2025-03-07 17:18:27', 'pending', 2590.29, 'Paťanka 49
512 87 Netolice', 'Na Laurové 59
310 16 Bečov nad Teplou');
INSERT INTO orders (id_order, id_user, order_date, status, total_price, shipping_address, billing_address) VALUES (24, 44, '2025-04-07 11:19:27', 'processing', 106853.88, 'Nad Vernerákem 916
578 56 Město Albrechtice', 'K Hořavce 386
587 16 Luže');
INSERT INTO orders (id_order, id_user, order_date, status, total_price, shipping_address, billing_address) VALUES (25, 15, '2025-05-20 12:26:19', 'pending', 169409.31, 'Boční I 79
361 42 Hořice', 'V Hájkách 5
275 32 Bzenec');
INSERT INTO orders (id_order, id_user, order_date, status, total_price, shipping_address, billing_address) VALUES (26, 10, '2025-09-30 05:52:16', 'created', 55321.13, 'Novákovo Náměstí 6
485 41 Sezemice', 'Žherská 6
775 05 Františkovy Lázně');
INSERT INTO orders (id_order, id_user, order_date, status, total_price, shipping_address, billing_address) VALUES (27, 3, '2024-12-29 05:27:47', 'pending', 16942.45, 'U Rakovky 112
179 27 Karlovy Vary', 'Výtoňská 514
719 97 Milevsko');
INSERT INTO orders (id_order, id_user, order_date, status, total_price, shipping_address, billing_address) VALUES (28, 31, '2025-08-14 19:28:21', 'delivered', 300034.44, 'Heydukova 611
246 21 Fulnek', 'K Matěji 682
693 24 Hostomice');
INSERT INTO orders (id_order, id_user, order_date, status, total_price, shipping_address, billing_address) VALUES (29, 50, '2025-03-09 12:06:57', 'created', 804149.97, 'Mazancova 977
582 29 Blovice', 'V Kotcích 665
773 05 Semily');
INSERT INTO orders (id_order, id_user, order_date, status, total_price, shipping_address, billing_address) VALUES (30, 30, '2025-01-06 22:25:38', 'shipped', 7719.89, 'Na Zahrádkách 7
799 33 Štětí', 'U Waltrovky 5
764 83 Rudolfov');
INSERT INTO orders (id_order, id_user, order_date, status, total_price, shipping_address, billing_address) VALUES (31, 41, '2025-06-01 08:59:17', 'delivered', 691927.00, 'Březová 30
276 62 Dačice', 'Dělnická 4
497 74 Vysoké Veselí');
INSERT INTO orders (id_order, id_user, order_date, status, total_price, shipping_address, billing_address) VALUES (32, 13, '2025-06-21 07:29:14', 'cancelled', 1254647.72, 'Novákovo Náměstí 1
138 36 Budišov nad Budišovkou', 'Hvězdonická 498
265 87 Chabařovice');
INSERT INTO orders (id_order, id_user, order_date, status, total_price, shipping_address, billing_address) VALUES (33, 45, '2025-01-16 10:21:15', 'shipped', 44400.47, 'V Lipách 924
195 22 Jevišovice', 'Pikovická 20
117 54 Zliv');
INSERT INTO orders (id_order, id_user, order_date, status, total_price, shipping_address, billing_address) VALUES (34, 32, '2025-02-19 03:55:27', 'shipped', 58924.90, 'Lošáková 30
272 46 Kladruby', 'Pod Letištěm 612
498 57 Osečná');
INSERT INTO orders (id_order, id_user, order_date, status, total_price, shipping_address, billing_address) VALUES (35, 16, '2024-12-16 23:13:08', 'pending', 177669.63, 'Roblínská 886
282 35 Skalná', 'Kadaňská 9
174 15 Horní Planá');
INSERT INTO orders (id_order, id_user, order_date, status, total_price, shipping_address, billing_address) VALUES (36, 42, '2025-06-15 13:51:59', 'cancelled', 1058702.81, 'Na Příčné Mezi 59
744 84 Milevsko', 'Bratří Čapků 21
399 07 Stárkov');
INSERT INTO orders (id_order, id_user, order_date, status, total_price, shipping_address, billing_address) VALUES (37, 1, '2024-12-31 17:25:24', 'created', 261468.22, 'Heineho 484
170 95 Blovice', 'K Vidouli 861
772 05 Potštát');
INSERT INTO orders (id_order, id_user, order_date, status, total_price, shipping_address, billing_address) VALUES (38, 50, '2025-10-30 23:52:39', 'shipped', 65974.77, 'K Dýmači 67
428 82 Jablonec nad Jizerou', 'Na Fišerce 716
594 76 Vlachovo Březí');
INSERT INTO orders (id_order, id_user, order_date, status, total_price, shipping_address, billing_address) VALUES (39, 15, '2024-11-28 10:12:23', 'pending', 89242.81, 'Na Náspu 3
660 75 Úterý', 'Nábřeží Ludvíka Svobody 37
162 48 Havířov');
INSERT INTO orders (id_order, id_user, order_date, status, total_price, shipping_address, billing_address) VALUES (40, 45, '2025-05-07 18:00:00', 'delivered', 58241.24, 'Nad Zámečkem 7
765 96 Smiřice', 'Pražská 422
406 95 Neveklov');
INSERT INTO orders (id_order, id_user, order_date, status, total_price, shipping_address, billing_address) VALUES (41, 30, '2024-12-02 22:35:45', 'created', 0.00, 'Josefa Houdka 40
374 76 Verneřice', 'Africká 3
372 93 Bílovec');
INSERT INTO orders (id_order, id_user, order_date, status, total_price, shipping_address, billing_address) VALUES (42, 36, '2025-06-21 14:25:34', 'pending', 548823.24, 'Opočínská 34
391 93 Kožlany', 'Bermanova 88
693 74 Teplá');
INSERT INTO orders (id_order, id_user, order_date, status, total_price, shipping_address, billing_address) VALUES (43, 8, '2024-12-26 00:57:54', 'shipped', 311070.92, 'Ostrovského 66
132 98 Bochov', 'Grammova 1
508 30 Bojkovice');
INSERT INTO orders (id_order, id_user, order_date, status, total_price, shipping_address, billing_address) VALUES (44, 9, '2025-02-13 08:11:47', 'shipped', 236786.26, 'Pankrácké Nám. 6
702 93 Solnice', 'Pelclova 91
456 20 Němčice nad Hanou');
INSERT INTO orders (id_order, id_user, order_date, status, total_price, shipping_address, billing_address) VALUES (45, 43, '2025-05-21 23:05:57', 'delivered', 434466.50, 'Malešovská 20
180 61 Vítkov', 'Sulická 63
743 68 Měčín');
INSERT INTO orders (id_order, id_user, order_date, status, total_price, shipping_address, billing_address) VALUES (46, 36, '2025-05-24 21:55:37', 'delivered', 0.00, 'Pohnertova 846
780 44 Černošín', 'Havlíčkova 6
744 94 Sedlčany');
INSERT INTO orders (id_order, id_user, order_date, status, total_price, shipping_address, billing_address) VALUES (47, 21, '2025-05-27 11:17:44', 'shipped', 470294.40, 'Zbynická 321
476 31 Telč', 'Františka Černého 63
249 64 Ralsko');
INSERT INTO orders (id_order, id_user, order_date, status, total_price, shipping_address, billing_address) VALUES (48, 40, '2025-09-21 03:07:15', 'cancelled', 1388779.62, 'Verdunská 455
226 95 Dubňany', 'Svornosti 259
771 12 Bochov');
INSERT INTO orders (id_order, id_user, order_date, status, total_price, shipping_address, billing_address) VALUES (49, 33, '2024-12-24 03:00:31', 'shipped', 202512.70, 'Nad Olšinami 881
694 32 Brno', 'Lánovská 867
486 01 Hořovice');
INSERT INTO orders (id_order, id_user, order_date, status, total_price, shipping_address, billing_address) VALUES (50, 36, '2025-01-24 19:33:37', 'shipped', 9072.30, 'Bazovského 981
122 34 Strážov', 'Za Lázeňkou 339
706 26 Žebrák');
INSERT INTO orders (id_order, id_user, order_date, status, total_price, shipping_address, billing_address) VALUES (51, 11, '2025-07-05 14:12:57', 'cancelled', 358300.18, 'Třebihošťská 27
606 27 Česká Skalice', 'Žilinská 1
488 64 Skuteč');
INSERT INTO orders (id_order, id_user, order_date, status, total_price, shipping_address, billing_address) VALUES (52, 31, '2025-08-27 19:38:33', 'shipped', 130408.52, 'Nouzov 987
623 18 Králíky', 'Husova 319
389 82 Štíty');
INSERT INTO orders (id_order, id_user, order_date, status, total_price, shipping_address, billing_address) VALUES (53, 17, '2025-08-05 10:54:23', 'pending', 612169.37, 'Mongolská 752
117 17 Polná', 'Ke Strašnické 211
716 71 Prostějov');
INSERT INTO orders (id_order, id_user, order_date, status, total_price, shipping_address, billing_address) VALUES (54, 41, '2025-08-26 18:18:06', 'processing', 13718.56, 'Kukelská 30
363 00 Olešnice', 'Novákovo Náměstí 1
735 90 Brušperk');
INSERT INTO orders (id_order, id_user, order_date, status, total_price, shipping_address, billing_address) VALUES (55, 50, '2024-11-28 07:07:53', 'delivered', 21496.77, 'Nábřeží Kapitána Jaroše 5
799 94 Adamov', 'Mírová 376
185 65 Soběslav');
INSERT INTO orders (id_order, id_user, order_date, status, total_price, shipping_address, billing_address) VALUES (56, 32, '2025-06-16 21:37:56', 'cancelled', 482603.17, 'Hostýnská 158
119 07 Bavorov', 'Přípřežní 922
346 24 Horní Slavkov');
INSERT INTO orders (id_order, id_user, order_date, status, total_price, shipping_address, billing_address) VALUES (57, 16, '2025-07-10 23:58:42', 'processing', 1298149.27, 'Na Špitálce 317
184 14 Suchdol nad Lužnicí', 'Za Lázeňkou 765
664 15 Skalná');
INSERT INTO orders (id_order, id_user, order_date, status, total_price, shipping_address, billing_address) VALUES (58, 29, '2025-05-27 17:52:54', 'created', 11784.98, 'K Vidouli 653
208 05 Jilemnice', 'U Rajské Zahrady 515
753 20 Staňkov');
INSERT INTO orders (id_order, id_user, order_date, status, total_price, shipping_address, billing_address) VALUES (59, 46, '2025-07-31 17:14:03', 'processing', 34277.13, 'Na Křivce 670
315 53 Karviná', 'Kadaňská 57
155 86 Nepomuk');
INSERT INTO orders (id_order, id_user, order_date, status, total_price, shipping_address, billing_address) VALUES (60, 16, '2024-11-23 12:06:42', 'processing', 315662.50, 'Spinozova 28
582 99 Nové Sedlo', 'Maňákova 100
477 66 Zbýšov');
INSERT INTO orders (id_order, id_user, order_date, status, total_price, shipping_address, billing_address) VALUES (61, 22, '2024-11-21 04:03:53', 'processing', 1459890.06, 'Libichovská 143
512 70 Kryry', 'Pod Lochkovem 3
592 92 Chrastava');
INSERT INTO orders (id_order, id_user, order_date, status, total_price, shipping_address, billing_address) VALUES (62, 35, '2025-03-05 12:41:20', 'created', 557497.57, 'Kodicilova 971
621 60 Kaznějov', 'U Nové Dálnice 48
279 76 Tanvald');
INSERT INTO orders (id_order, id_user, order_date, status, total_price, shipping_address, billing_address) VALUES (63, 9, '2024-12-08 12:27:13', 'pending', 131526.13, 'Žižkova 89
707 21 Moravský Beroun', 'U Větrníku 1
297 94 Třebechovice pod Orebem');
INSERT INTO orders (id_order, id_user, order_date, status, total_price, shipping_address, billing_address) VALUES (64, 15, '2025-02-14 00:55:13', 'shipped', 549421.27, 'Plynárenská 789
466 92 Bystřice', 'Na Fišerce 942
321 37 Týnec nad Sázavou');
INSERT INTO orders (id_order, id_user, order_date, status, total_price, shipping_address, billing_address) VALUES (65, 45, '2025-08-04 08:22:41', 'pending', 133271.10, 'Přípřežní 265
419 73 Velké Opatovice', 'Před Rybníkem 85
334 90 Židlochovice');
INSERT INTO orders (id_order, id_user, order_date, status, total_price, shipping_address, billing_address) VALUES (66, 46, '2025-03-24 15:07:44', 'pending', 229896.03, 'Třebihošťská 1
339 22 Lovosice', 'Kováříkova 7
203 19 Mníšek pod Brdy');
INSERT INTO orders (id_order, id_user, order_date, status, total_price, shipping_address, billing_address) VALUES (67, 5, '2025-09-12 15:29:01', 'shipped', 19764.27, 'Pod Kesnerkou 5
748 99 Blšany', 'Sádovská 301
734 33 Dubá');
INSERT INTO orders (id_order, id_user, order_date, status, total_price, shipping_address, billing_address) VALUES (68, 27, '2025-07-31 00:18:55', 'processing', 401391.60, 'Súdánská 57
262 61 Karlovy Vary', 'Kostková 28
194 09 Vlachovo Březí');
INSERT INTO orders (id_order, id_user, order_date, status, total_price, shipping_address, billing_address) VALUES (69, 35, '2025-02-01 13:27:24', 'shipped', 416177.29, 'V Hájkách 5
277 88 Nasavrky', 'Josefa Houdka 16
412 91 Havířov');
INSERT INTO orders (id_order, id_user, order_date, status, total_price, shipping_address, billing_address) VALUES (70, 27, '2025-03-15 12:56:14', 'created', 94087.06, 'Bazovského 70
166 84 Planá', 'Mezilesní 46
450 39 Litovel');
INSERT INTO orders (id_order, id_user, order_date, status, total_price, shipping_address, billing_address) VALUES (71, 14, '2025-06-22 22:11:18', 'shipped', 2204624.84, 'Kostková 91
166 65 Mnichovice', 'Purkyňova 8
736 75 Štíty');
INSERT INTO orders (id_order, id_user, order_date, status, total_price, shipping_address, billing_address) VALUES (72, 25, '2025-08-29 11:16:34', 'delivered', 0.00, 'Jarešova 34
623 85 Mikulov', 'Tanvaldská 85
780 58 Rožmitál pod Třemšínem');
INSERT INTO orders (id_order, id_user, order_date, status, total_price, shipping_address, billing_address) VALUES (73, 45, '2025-10-11 05:41:57', 'created', 46957.96, 'Na Pěšině 62
264 79 Frýdlant', 'Poleradská 157
523 00 Janov');
INSERT INTO orders (id_order, id_user, order_date, status, total_price, shipping_address, billing_address) VALUES (74, 49, '2025-02-19 23:09:34', 'delivered', 1084358.67, 'Jižní 84
380 08 Žamberk', 'U Vápenice 38
277 81 Brumov-Bylnice');
INSERT INTO orders (id_order, id_user, order_date, status, total_price, shipping_address, billing_address) VALUES (75, 25, '2025-02-03 20:56:55', 'shipped', 74229.54, 'Nad Libří 12
765 22 Kladno', 'Krátký Lán 205
100 47 Úsov');
INSERT INTO orders (id_order, id_user, order_date, status, total_price, shipping_address, billing_address) VALUES (76, 1, '2025-09-01 23:29:48', 'processing', 262089.81, 'Nad Obcí 41
630 58 Bučovice', 'Před Rybníkem 753
152 12 Blšany');
INSERT INTO orders (id_order, id_user, order_date, status, total_price, shipping_address, billing_address) VALUES (77, 20, '2025-03-24 11:55:44', 'shipped', 85308.83, 'Svatoplukova 12
637 99 Stod', 'Kosmonautů 993
752 31 Dobříš');
INSERT INTO orders (id_order, id_user, order_date, status, total_price, shipping_address, billing_address) VALUES (78, 27, '2025-03-25 19:22:36', 'delivered', 53217.64, 'Za Lázeňkou 331
616 83 Raspenava', 'Na Srážku 42
592 64 Příbor');
INSERT INTO orders (id_order, id_user, order_date, status, total_price, shipping_address, billing_address) VALUES (79, 48, '2025-08-11 01:35:11', 'cancelled', 156461.15, 'Augustova 32
177 94 Nové Strašecí', 'Nad Strouhou 6
368 42 Adamov');
INSERT INTO orders (id_order, id_user, order_date, status, total_price, shipping_address, billing_address) VALUES (80, 35, '2025-03-27 13:37:17', 'delivered', 180854.33, 'Vlčická 7
224 71 Hořice', 'Čankovská 4
561 05 Meziměstí');

-- reviews
INSERT INTO reviews (id_review, id_priduct, id_user, rating, comment, created_at) VALUES (1, 18, 1, 5, 'Agent kráčet používat restaurace měřítko vlastnit nicméně palác brankář zbytečně jindy tenhle charakteristika síla.', '2025-09-22 17:47:06');
INSERT INTO reviews (id_review, id_priduct, id_user, rating, comment, created_at) VALUES (2, 56, 44, 1, 'Překvapivě zlínský trpělivost žánr vyskytovat ozývat realizovat.', '2025-08-02 05:14:24');
INSERT INTO reviews (id_review, id_priduct, id_user, rating, comment, created_at) VALUES (3, 59, 39, 4, 'Obtížný samota uznání rozhodnutí venkov areál pomoci spadat.', '2025-02-24 23:52:13');
INSERT INTO reviews (id_review, id_priduct, id_user, rating, comment, created_at) VALUES (4, 54, 19, 2, 'Hněv lež násilí pohřeb tento zapomínat sedmý dneska olej národní zakrýt nábytek.', '2025-06-30 02:45:52');
INSERT INTO reviews (id_review, id_priduct, id_user, rating, comment, created_at) VALUES (5, 39, 23, 2, 'Důraz poradce vzdělaný zvyšovat zisk Vltava podnikání.', '2025-10-09 13:31:16');
INSERT INTO reviews (id_review, id_priduct, id_user, rating, comment, created_at) VALUES (6, 41, 13, 5, 'Štědrý pochopitelně překvapivý tragický přijímat výstavba konec světlý milovat ředitelka stavit snímek fyzicky York odpovídat.', '2024-11-26 09:55:14');
INSERT INTO reviews (id_review, id_priduct, id_user, rating, comment, created_at) VALUES (7, 17, 44, 2, 'Hlavní nástroj institut koruna postrádat uvádět zvědavý fotbalista vstupenka záloha iluze teta chyba chápat boží list.', '2025-06-11 13:20:51');
INSERT INTO reviews (id_review, id_priduct, id_user, rating, comment, created_at) VALUES (8, 41, 7, 1, 'Novinář definitivně většinou pokrýt prostora účinný stavební dostavit vysílat vláda rekonstrukce bar temnota mil policista.', '2025-09-19 01:02:29');
INSERT INTO reviews (id_review, id_priduct, id_user, rating, comment, created_at) VALUES (9, 20, 29, 1, 'Avšak náhlý předchozí rozdělení charakteristika bát investiční útvar cokoli bota předseda obracet Leonardo.', '2025-08-09 07:38:41');
INSERT INTO reviews (id_review, id_priduct, id_user, rating, comment, created_at) VALUES (10, 38, 24, 2, 'Zopakovat odnést kostka zvolený sekunda rozbít nějak.', '2025-06-12 09:07:23');
INSERT INTO reviews (id_review, id_priduct, id_user, rating, comment, created_at) VALUES (11, 6, 19, 3, 'Jev nikdo mráz tam k vyplatit smysl odmítnout myšlení vlákno sednout přidat jezdec naprostý.', '2025-10-12 09:42:42');
INSERT INTO reviews (id_review, id_priduct, id_user, rating, comment, created_at) VALUES (12, 48, 27, 2, 'Jízda zaujmout historie zpráva argument komunální povodeň Hana zadek konkurenční.', '2025-10-25 01:19:03');
INSERT INTO reviews (id_review, id_priduct, id_user, rating, comment, created_at) VALUES (13, 13, 9, 5, 'Zapojení hranice sval podobný podávat jinde řetězec ODS poslat vysvětlovat.', '2025-04-22 01:25:45');
INSERT INTO reviews (id_review, id_priduct, id_user, rating, comment, created_at) VALUES (14, 57, 24, 5, 'Prozatím klima vrah státní rizikový dění pokyn.', '2025-06-18 00:23:48');
INSERT INTO reviews (id_review, id_priduct, id_user, rating, comment, created_at) VALUES (15, 33, 18, 2, 'Prvý uzavírat prezentovat podrobný podpora kostka švýcarský syn projektový.', '2025-03-17 13:01:48');
INSERT INTO reviews (id_review, id_priduct, id_user, rating, comment, created_at) VALUES (16, 17, 31, 3, 'Pára ložisko rostlina osa fantazie rovnice novinář pouto zóna zasahovat mil branka horký zadívat.', '2024-12-07 01:04:31');
INSERT INTO reviews (id_review, id_priduct, id_user, rating, comment, created_at) VALUES (17, 48, 22, 1, 'Fáze mráz zvýšený pohnout samostatně dohled společnost pokrčit.', '2025-06-18 03:10:34');
INSERT INTO reviews (id_review, id_priduct, id_user, rating, comment, created_at) VALUES (18, 30, 5, 2, 'Vzdělávací koneckonců spát management čtyři osmý plyn nástup čili účastnit dramatický kníže bomba omezovat podpora zloděj.', '2025-08-30 00:44:54');
INSERT INTO reviews (id_review, id_priduct, id_user, rating, comment, created_at) VALUES (19, 49, 15, 4, 'Písnička opakovaný odstranit většina vila otevřený vyšetřovatel klika.', '2025-01-13 20:35:14');
INSERT INTO reviews (id_review, id_priduct, id_user, rating, comment, created_at) VALUES (20, 55, 36, 3, 'Izolace zabít usnout bilance mysl rozhlížet pohybovat líbat drát představit ohromný Švýcarsko míč myš krabička výdaj.', '2025-03-29 18:00:04');
INSERT INTO reviews (id_review, id_priduct, id_user, rating, comment, created_at) VALUES (21, 6, 26, 1, 'Že půl organizátor univerzální španělský věkový sedmdesátý ČEZ o předat podruhé mořský formát zdravotnictví.', '2024-12-27 09:03:39');
INSERT INTO reviews (id_review, id_priduct, id_user, rating, comment, created_at) VALUES (22, 17, 35, 1, 'Miláček hmotný švédský hnutí pokládat prudký vrah masivní donést foto odrůda zahrnovat snížení.', '2025-07-28 01:26:40');
INSERT INTO reviews (id_review, id_priduct, id_user, rating, comment, created_at) VALUES (23, 30, 24, 3, 'Rizikový mluvit běžný plíce rozpor přijatelný skrz ochranný zima strana zdaleka finanční Liberec blízký předvádět.', '2025-09-22 18:48:56');
INSERT INTO reviews (id_review, id_priduct, id_user, rating, comment, created_at) VALUES (24, 38, 25, 3, 'Soustředit koš spolu přinášet zmiňovat všude osvětlení výuka nouze struktura měsíc přístupný.', '2025-01-29 02:45:30');
INSERT INTO reviews (id_review, id_priduct, id_user, rating, comment, created_at) VALUES (25, 7, 44, 2, 'Vůdce totiž zanechat meč úcta cestující současný naložit porušení.', '2025-07-08 13:32:33');
INSERT INTO reviews (id_review, id_priduct, id_user, rating, comment, created_at) VALUES (26, 31, 2, 5, 'Vyděsit vědomý sbor dokončit lesní spravedlivý sedadlo reálný nádraží vědecký údolí poznání přejít uplatnit donést zpívat.', '2025-07-23 00:05:50');
INSERT INTO reviews (id_review, id_priduct, id_user, rating, comment, created_at) VALUES (27, 57, 36, 3, 'Zkušený církevní ostrý rytmus lžíce poměry předcházet nula statistika.', '2025-02-05 13:32:02');
INSERT INTO reviews (id_review, id_priduct, id_user, rating, comment, created_at) VALUES (28, 59, 40, 2, 'Magický roh přítomný živočišný důl rozhodující melodie vůdce pravomoc.', '2025-08-01 00:09:10');
INSERT INTO reviews (id_review, id_priduct, id_user, rating, comment, created_at) VALUES (29, 42, 5, 4, 'Řetěz Afrika důkladně riziko mnohokrát sál zóna náboj chlapík točit mnoho smířit houba.', '2025-05-15 00:56:54');
INSERT INTO reviews (id_review, id_priduct, id_user, rating, comment, created_at) VALUES (30, 59, 45, 3, 'Jaký Ústí ztrácet večírek Paříž nápadně zkušený posluchač výpověď závod výstup.', '2025-05-01 04:32:11');
INSERT INTO reviews (id_review, id_priduct, id_user, rating, comment, created_at) VALUES (31, 42, 27, 1, 'Učebnice těsto ušetřit prát pohon nápadně pomoc poušť odhadovat vzpamatovat.', '2025-06-28 20:02:52');
INSERT INTO reviews (id_review, id_priduct, id_user, rating, comment, created_at) VALUES (32, 9, 3, 1, 'Rakouský novinka zápis sekvence vydaný umět štědrý dodávat výzkum odpovídat žijící kráčet věda.', '2025-02-22 13:35:55');
INSERT INTO reviews (id_review, id_priduct, id_user, rating, comment, created_at) VALUES (33, 20, 32, 1, 'Značně Hradec zřídka úspora poškození poslední udělit pedagog otáčet licence interakce modul židle sklenka přesunout.', '2025-02-20 00:03:45');
INSERT INTO reviews (id_review, id_priduct, id_user, rating, comment, created_at) VALUES (34, 7, 16, 5, 'Prezentovat dálka obránce méně méně žebříček naplno povést cit software.', '2025-06-01 22:42:01');
INSERT INTO reviews (id_review, id_priduct, id_user, rating, comment, created_at) VALUES (35, 9, 25, 4, 'Spolu kolik skok vstříc vyšetřování výzkum udržovat téma natolik chybět ten ucítit otočit York rozhraní pamatovat.', '2024-12-22 05:28:51');
INSERT INTO reviews (id_review, id_priduct, id_user, rating, comment, created_at) VALUES (36, 24, 43, 5, 'Kostým cílový článek horský srovnání nejenom lidový servis opozice klavír líčit komunikační spotřebitel provoz doplňovat pocítit.', '2025-02-10 08:22:00');
INSERT INTO reviews (id_review, id_priduct, id_user, rating, comment, created_at) VALUES (37, 27, 38, 2, 'Hodně odlišný letadlo kůra li provázet původ chata napsat vědec částice elektronický tam dech procesor nést.', '2025-08-29 12:17:25');
INSERT INTO reviews (id_review, id_priduct, id_user, rating, comment, created_at) VALUES (38, 57, 27, 1, 'Kůra utíkat zapnout pokaždé sloup čtvereční čaj náboženský výběrový jednoznačně nos zmínka.', '2025-04-25 20:10:05');
INSERT INTO reviews (id_review, id_priduct, id_user, rating, comment, created_at) VALUES (39, 54, 32, 5, 'Jmenovat probrat trochu patro koukat osobní zaměstnanec EU kost pach svíčka zážitek srpen plánování poškozený trpělivě.', '2025-02-16 02:14:43');
INSERT INTO reviews (id_review, id_priduct, id_user, rating, comment, created_at) VALUES (40, 27, 18, 1, 'Hotel mlčení prodejce zvažovat vyskočit radní předpoklad.', '2025-05-26 02:21:36');
INSERT INTO reviews (id_review, id_priduct, id_user, rating, comment, created_at) VALUES (41, 45, 24, 2, 'Náznak zítra seznam narážet prostředí aj schránka narušit.', '2025-09-14 21:31:53');
INSERT INTO reviews (id_review, id_priduct, id_user, rating, comment, created_at) VALUES (42, 29, 29, 2, 'Slíbit zanechat koberec dlažba vystupovat poloha zdejší těžký Petr.', '2025-02-01 07:36:47');
INSERT INTO reviews (id_review, id_priduct, id_user, rating, comment, created_at) VALUES (43, 55, 24, 1, 'Obrat rozpoznat cíl odstartovat břicho pokračovat rekonstrukce identita obsahující přijatelný volný rodič vzorec.', '2024-12-10 11:53:38');
INSERT INTO reviews (id_review, id_priduct, id_user, rating, comment, created_at) VALUES (44, 44, 24, 5, 'Litovat rýže prozatím téci charakter jíst odstranit věkový.', '2025-08-07 08:20:43');
INSERT INTO reviews (id_review, id_priduct, id_user, rating, comment, created_at) VALUES (45, 58, 42, 3, 'Smůla časový den výslech povídka vlhký skrz krabička dobro usadit očekávat právo příznivec.', '2025-01-21 10:04:52');
INSERT INTO reviews (id_review, id_priduct, id_user, rating, comment, created_at) VALUES (46, 4, 26, 3, 'Odrážet respektovat zejména zhroutit úroveň odmlčet rozsudek příčina.', '2025-06-12 23:09:21');
INSERT INTO reviews (id_review, id_priduct, id_user, rating, comment, created_at) VALUES (47, 13, 8, 4, 'Překážka bohatý slovenský měsíc oblečený projevit seznam ovládnout brečet jaksi brzy vzdělávání závislost.', '2025-06-20 19:27:03');
INSERT INTO reviews (id_review, id_priduct, id_user, rating, comment, created_at) VALUES (48, 6, 43, 2, 'Okres řídicí přiblížit dostávat čtení sebrat úzký ideální správný děvče limit potřebný zaútočit.', '2025-06-14 21:42:17');
INSERT INTO reviews (id_review, id_priduct, id_user, rating, comment, created_at) VALUES (49, 42, 41, 5, 'Vyjadřovat pozdě interpretace tajný vyvolávat zastavit k silnice internet spektrum.', '2025-05-01 01:12:33');
INSERT INTO reviews (id_review, id_priduct, id_user, rating, comment, created_at) VALUES (50, 2, 4, 3, 'Pravda nadace post farma natáhnout dozvědět pocit slavnostní způsobit získání kulatý řez.', '2025-08-11 15:37:55');
INSERT INTO reviews (id_review, id_priduct, id_user, rating, comment, created_at) VALUES (51, 16, 9, 5, 'Využívání místo znalost rybník automaticky uplynulý rázem uživatel.', '2025-07-14 20:59:05');
INSERT INTO reviews (id_review, id_priduct, id_user, rating, comment, created_at) VALUES (52, 14, 5, 5, 'Police sdělení pěstování vítěz označení jednička tramvaj respektovat úspěšný.', '2025-04-05 08:27:22');
INSERT INTO reviews (id_review, id_priduct, id_user, rating, comment, created_at) VALUES (53, 14, 38, 2, 'Hala sezóna liberecký navázat šestý jistý skoro vystřídat obtížně prodej Google Kč kouč důkladně choroba pracovna.', '2025-06-19 13:49:07');
INSERT INTO reviews (id_review, id_priduct, id_user, rating, comment, created_at) VALUES (54, 53, 15, 3, 'Projít zopakovat vznik světlo spokojený vedení pořadí kritérium sám podzemní.', '2024-11-24 15:50:02');
INSERT INTO reviews (id_review, id_priduct, id_user, rating, comment, created_at) VALUES (55, 50, 10, 5, 'Dvacet celkově apod samostatně pozorně písnička spis ptačí.', '2025-10-21 22:09:57');
INSERT INTO reviews (id_review, id_priduct, id_user, rating, comment, created_at) VALUES (56, 1, 18, 2, 'Téci pedagog lež realita vzpomenout osoba magnetický pracovna vlk míjet kouřit pozvat psát zrušit odvážný.', '2024-12-30 02:20:37');
INSERT INTO reviews (id_review, id_priduct, id_user, rating, comment, created_at) VALUES (57, 9, 35, 3, 'Pravidelně spolupracovník ostatně přestávka pouto masový potlačit mříž hypotéza ložisko blbý bojovník efektivní Windows podíl mladík.', '2025-08-11 13:50:48');
INSERT INTO reviews (id_review, id_priduct, id_user, rating, comment, created_at) VALUES (58, 52, 12, 1, 'Brečet zloděj fyzicky klást zamilovaný fotka projevovat sál připojit oblouk nápoj databáze sakra ústa.', '2025-08-10 06:38:25');
INSERT INTO reviews (id_review, id_priduct, id_user, rating, comment, created_at) VALUES (59, 43, 2, 2, 'Rozlišovat souvislost a materiál pojištění veliký vzdělání průvod sloup automat vytvářet Brusel.', '2025-05-21 16:25:49');
INSERT INTO reviews (id_review, id_priduct, id_user, rating, comment, created_at) VALUES (60, 1, 23, 2, 'Zapojení jíst chléb obloha věznice iluze přinutit skříň zabít nedělní.', '2024-11-25 22:59:22');
INSERT INTO reviews (id_review, id_priduct, id_user, rating, comment, created_at) VALUES (61, 38, 21, 1, 'Pedagog vůdce věc metoda sestava uklidnit bezpečnost vstup kampaň proud tvářit součást.', '2025-04-05 14:20:44');
INSERT INTO reviews (id_review, id_priduct, id_user, rating, comment, created_at) VALUES (62, 12, 17, 1, 'Zobrazení analýza skutečně malý obtíž optimální nahradit udělit.', '2024-12-11 13:52:48');
INSERT INTO reviews (id_review, id_priduct, id_user, rating, comment, created_at) VALUES (63, 9, 48, 4, 'Suma děkovat dar čest uslyšet zeď opravdový přejít Jihlava demokratický uvažovat polévka pokrok.', '2025-04-06 14:12:06');
INSERT INTO reviews (id_review, id_priduct, id_user, rating, comment, created_at) VALUES (64, 34, 8, 1, 'Propustit poplatek organismus licence komentovat stávající program popsaný opatrný jevit kritérium přitáhnout stydět vždycky ukončení.', '2025-01-02 07:22:15');
INSERT INTO reviews (id_review, id_priduct, id_user, rating, comment, created_at) VALUES (65, 31, 29, 3, 'Doporučovat poškození luxusní pepř červený dohodnout profil zajištění forma zaznít kino nabízet určení.', '2024-12-29 08:44:32');
INSERT INTO reviews (id_review, id_priduct, id_user, rating, comment, created_at) VALUES (66, 33, 38, 1, 'Následující takový schéma umřít slovo hovor určení posílat ovoce hledání kladný ranní výsledný.', '2025-02-24 10:05:58');
INSERT INTO reviews (id_review, id_priduct, id_user, rating, comment, created_at) VALUES (67, 29, 33, 2, 'Pan vládní přerušit připravit energetický ukazovat vzdělání měsíc.', '2025-04-18 16:32:25');
INSERT INTO reviews (id_review, id_priduct, id_user, rating, comment, created_at) VALUES (68, 40, 3, 5, 'Duše skočit polský komunikovat rychlý zub bývat zahlédnout rozsudek.', '2025-01-08 16:54:27');
INSERT INTO reviews (id_review, id_priduct, id_user, rating, comment, created_at) VALUES (69, 20, 30, 1, 'Letecký mlčení doklad nábytek těžko tvor tedy.', '2025-06-01 09:41:23');
INSERT INTO reviews (id_review, id_priduct, id_user, rating, comment, created_at) VALUES (70, 4, 31, 4, 'Chyba rád poblíž pedagog hmotný měřítko přední zavrtět míra.', '2024-11-22 12:16:17');
INSERT INTO reviews (id_review, id_priduct, id_user, rating, comment, created_at) VALUES (71, 28, 44, 1, 'Anketa pero blízko kníže Londýn středověký kavárna takhle platba orientace objevit.', '2025-04-13 09:08:24');
INSERT INTO reviews (id_review, id_priduct, id_user, rating, comment, created_at) VALUES (72, 32, 46, 4, 'Prozradit veškerý nádraží učinit zakrýt specifický Slovensko překročit napadat zastřelit.', '2025-10-13 08:41:02');
INSERT INTO reviews (id_review, id_priduct, id_user, rating, comment, created_at) VALUES (73, 5, 6, 3, 'Rekonstrukce správce chápat dílna tančit namítnout Rakousko pěstování komunikační následující maximálně zastupitelstvo zanechat.', '2025-09-17 15:58:10');
INSERT INTO reviews (id_review, id_priduct, id_user, rating, comment, created_at) VALUES (74, 39, 10, 1, 'Slabý vděčný absence divák mysl jihočeský efektivní lebka finanční snadný vyhledat.', '2025-02-09 09:01:09');
INSERT INTO reviews (id_review, id_priduct, id_user, rating, comment, created_at) VALUES (75, 9, 18, 5, 'Zvedat obraz trasa ne ulička pálit tragedie vyplývat výslech zklamat vozidlo.', '2025-08-04 19:31:10');
INSERT INTO reviews (id_review, id_priduct, id_user, rating, comment, created_at) VALUES (76, 41, 38, 5, 'Sklon zároveň všeobecně střecha povinný povrch vlastník vyzvednout moment vnímat.', '2025-07-25 00:48:57');
INSERT INTO reviews (id_review, id_priduct, id_user, rating, comment, created_at) VALUES (77, 46, 21, 4, 'Vyprávět proniknout hele vyprávění samostatně stěží vypít obdobný působící tu uživatel reakce zřetelný doktor přirozený.', '2025-10-28 03:11:43');
INSERT INTO reviews (id_review, id_priduct, id_user, rating, comment, created_at) VALUES (78, 39, 34, 3, 'Chybět ohlédnout vojenský pochybnost nabitý loď pěstovat proč sportovec drama dbát litr tok.', '2025-02-07 15:00:07');
INSERT INTO reviews (id_review, id_priduct, id_user, rating, comment, created_at) VALUES (79, 30, 33, 5, 'Hráč provázet kino vzorec výrobce slib obraz odpovědnost bilance.', '2025-03-08 13:24:21');
INSERT INTO reviews (id_review, id_priduct, id_user, rating, comment, created_at) VALUES (80, 28, 7, 1, 'Kuchyňský Rus otočit následující nemovitost zítra stojící čtenář.', '2025-01-18 18:56:27');
INSERT INTO reviews (id_review, id_priduct, id_user, rating, comment, created_at) VALUES (81, 55, 42, 5, 'Přísný doposud třináct horský středně mluvčí hovor rozlišovat vyhovět měnit vůči těsný bojový novinka omezit.', '2025-03-05 17:54:50');
INSERT INTO reviews (id_review, id_priduct, id_user, rating, comment, created_at) VALUES (82, 47, 14, 4, 'Půjčka řídit struktura parlamentní potomek režim podstatný libra dimenze složitý provést pojmenovat uplatnit snad vyrovnaný odjet.', '2025-07-07 20:56:16');
INSERT INTO reviews (id_review, id_priduct, id_user, rating, comment, created_at) VALUES (83, 29, 15, 4, 'Trénovat doplněk způsobený obyvatel snídaně počasí například.', '2025-09-21 10:17:33');
INSERT INTO reviews (id_review, id_priduct, id_user, rating, comment, created_at) VALUES (84, 22, 30, 4, 'Závislost nitro kultura ohlédnout vzhled duch váš zahrádka zadržet jaro.', '2025-07-15 01:06:36');
INSERT INTO reviews (id_review, id_priduct, id_user, rating, comment, created_at) VALUES (85, 27, 47, 1, 'Lidský připravovat intenzívní manžel zapadnout šířka tvrzení evropský žaloba přímý odvolání odvážný náboženství.', '2025-08-19 08:57:22');
INSERT INTO reviews (id_review, id_priduct, id_user, rating, comment, created_at) VALUES (86, 21, 28, 3, 'Pěstování vzpomenout naučit zemský vadit vymyslet podrobnost kavárna.', '2025-03-05 20:22:08');
INSERT INTO reviews (id_review, id_priduct, id_user, rating, comment, created_at) VALUES (87, 43, 17, 3, 'Žaloba normální vyhledat boj rušit dar zisk předchozí konzervativní volný vánoční připojit.', '2025-08-23 14:31:27');
INSERT INTO reviews (id_review, id_priduct, id_user, rating, comment, created_at) VALUES (88, 10, 44, 4, 'Vyloučit britský osobnost shromáždění čas částice koruna jednání odmítat pokud akademický úvěr rada ložnice.', '2025-03-30 11:37:25');
INSERT INTO reviews (id_review, id_priduct, id_user, rating, comment, created_at) VALUES (89, 5, 6, 1, 'Užívání inscenace plastový ostře temný mléčný požadavek hra krb.', '2025-07-26 16:51:12');
INSERT INTO reviews (id_review, id_priduct, id_user, rating, comment, created_at) VALUES (90, 6, 28, 1, 'Přednost děvče civilizace portrét kouzlo sleva sedmnáct věřit královna prosadit zabránit skupinka zastřelit obchod pěšky.', '2025-05-14 14:40:26');
INSERT INTO reviews (id_review, id_priduct, id_user, rating, comment, created_at) VALUES (91, 48, 48, 3, 'Projekt kvůli vždyť archiv zvolat spoj kód velitel výše odnést mobil.', '2025-08-14 08:32:43');
INSERT INTO reviews (id_review, id_priduct, id_user, rating, comment, created_at) VALUES (92, 52, 9, 5, 'Zadržet tj beton předchůdce vybavený autorka zcela mistr publikovat potíž kostka.', '2024-12-04 12:34:10');
INSERT INTO reviews (id_review, id_priduct, id_user, rating, comment, created_at) VALUES (93, 4, 38, 5, 'Stůl barák dlažba uvidět revoluční ani regulace přidat káva odměna show složka koruna.', '2025-05-20 14:00:56');
INSERT INTO reviews (id_review, id_priduct, id_user, rating, comment, created_at) VALUES (94, 36, 22, 1, 'Manažer horizont nastavení skladatel ráz jméno pochopitelně reálný upřímně dítě mír tlustý.', '2025-04-21 15:43:17');
INSERT INTO reviews (id_review, id_priduct, id_user, rating, comment, created_at) VALUES (95, 27, 23, 4, 'Námaha zahrnout hezky úraz zpěv déšť cyklus dno.', '2025-10-30 23:06:11');
INSERT INTO reviews (id_review, id_priduct, id_user, rating, comment, created_at) VALUES (96, 56, 47, 1, 'Zítra mezi porážka téma riziko strategický rovněž.', '2025-06-23 13:10:53');
INSERT INTO reviews (id_review, id_priduct, id_user, rating, comment, created_at) VALUES (97, 19, 39, 3, 'Házet zarazit domov deník kontakt střecha zdát obsadit asistent.', '2025-01-18 01:48:04');
INSERT INTO reviews (id_review, id_priduct, id_user, rating, comment, created_at) VALUES (98, 23, 7, 5, 'Semeno volat police návštěva čest Jablonec podnikat orchestr generální.', '2025-02-03 09:22:21');
INSERT INTO reviews (id_review, id_priduct, id_user, rating, comment, created_at) VALUES (99, 33, 14, 2, 'Ptát milost mimo očividně vražda valašský monitor plzeňský mořský uspořádání hornina lidstvo.', '2025-09-04 07:42:03');
INSERT INTO reviews (id_review, id_priduct, id_user, rating, comment, created_at) VALUES (100, 43, 31, 2, 'Výprava vlast dodávka Jihlava vůdce filmový týkat náhodou náboženství vzpamatovat včera daleký management pohyb klec.', '2025-10-26 18:16:43');
INSERT INTO reviews (id_review, id_priduct, id_user, rating, comment, created_at) VALUES (101, 55, 7, 3, 'Vzdělaný zdraví výzva generál označení zabírat základna mokrý vykřiknout tehdy moudrý.', '2025-09-06 17:56:17');
INSERT INTO reviews (id_review, id_priduct, id_user, rating, comment, created_at) VALUES (102, 55, 36, 3, 'Štědrý dostatečný prodejna asi způsobený pouto škoda volba dětství.', '2025-10-23 05:45:37');
INSERT INTO reviews (id_review, id_priduct, id_user, rating, comment, created_at) VALUES (103, 8, 49, 3, 'Kapka špinavý lineární oko rýže zjevně škála prezident státní hokej koncert potlačit čtvrtek okraj.', '2025-06-09 02:44:00');
INSERT INTO reviews (id_review, id_priduct, id_user, rating, comment, created_at) VALUES (104, 37, 15, 4, 'Pokrčit mírně hvězda gólman válka Ukrajina prkno kontakt americký hezky odhalit.', '2024-12-22 13:48:00');
INSERT INTO reviews (id_review, id_priduct, id_user, rating, comment, created_at) VALUES (105, 55, 36, 5, 'Orchestr metr rozeznat hlídka což sklenička nemovitost loňský Československo napadat.', '2024-11-22 05:24:47');
INSERT INTO reviews (id_review, id_priduct, id_user, rating, comment, created_at) VALUES (106, 40, 44, 5, 'Zobrazení jablko týdně nulový orchestr přísný uplatňovat moravský protein.', '2025-10-01 10:23:37');
INSERT INTO reviews (id_review, id_priduct, id_user, rating, comment, created_at) VALUES (107, 2, 39, 3, 'Pohoda vítězství tendence cesta pokud mládě dějiny nástroj bomba rozdíl zpracování převážně sednout trestný.', '2025-03-06 21:33:52');
INSERT INTO reviews (id_review, id_priduct, id_user, rating, comment, created_at) VALUES (108, 2, 12, 3, 'Lid domluvit maminka terén sezóna sebevražda uvědomit.', '2025-10-15 03:35:30');
INSERT INTO reviews (id_review, id_priduct, id_user, rating, comment, created_at) VALUES (109, 45, 49, 3, 'Rozšířený maximální děvče obec případně jedinečný vysoko hruď přísný.', '2025-01-14 00:58:58');
INSERT INTO reviews (id_review, id_priduct, id_user, rating, comment, created_at) VALUES (110, 59, 22, 3, 'Rytmus standardní pole ten jedinec kroutit kapitán africký když strávit třeba použitý sestavit pachatel potrava.', '2025-04-04 00:17:54');
INSERT INTO reviews (id_review, id_priduct, id_user, rating, comment, created_at) VALUES (111, 1, 12, 2, 'Čechy pozoruhodný slušný dostatek nepřítel chápat zbylý opakovaný ponořit Barcelona podzim poplatek linie.', '2025-02-18 01:01:11');
INSERT INTO reviews (id_review, id_priduct, id_user, rating, comment, created_at) VALUES (112, 37, 43, 4, 'Interiér čtrnáct zaplatit rozjet americký povrch prázdniny kolegyně učitel otisk moravský Škoda gesto spokojenost.', '2025-01-23 04:30:41');
INSERT INTO reviews (id_review, id_priduct, id_user, rating, comment, created_at) VALUES (113, 5, 10, 1, 'Signál pojetí nouze mužstvo přes pot blížit potom padat vaření obývací teplý.', '2024-11-17 07:04:24');
INSERT INTO reviews (id_review, id_priduct, id_user, rating, comment, created_at) VALUES (114, 6, 48, 5, 'Území školka samozřejmost alkohol atraktivní pozdravit informovat.', '2025-01-23 20:36:09');
INSERT INTO reviews (id_review, id_priduct, id_user, rating, comment, created_at) VALUES (115, 14, 25, 4, 'Podléhat pokrývat odpad udělit deset energetika právnický chystat muset pokrýt republika národ zbytečně venkov lineární oblouk.', '2025-06-06 17:56:54');
INSERT INTO reviews (id_review, id_priduct, id_user, rating, comment, created_at) VALUES (116, 30, 22, 2, 'Vyšetření letecký jemně chůze galerie hmotný sevřít chytrý ucítit zázemí talent osm příznak spolu.', '2025-03-21 14:53:31');
INSERT INTO reviews (id_review, id_priduct, id_user, rating, comment, created_at) VALUES (117, 24, 20, 3, 'Dík schránka květina nechat cela cihla pohybový konference kotník.', '2025-06-16 14:59:21');
INSERT INTO reviews (id_review, id_priduct, id_user, rating, comment, created_at) VALUES (118, 50, 37, 5, 'Skvělý obnovit doprovod uvěřit tento zavěsit pole veškerý bankovní.', '2025-04-30 07:06:47');
INSERT INTO reviews (id_review, id_priduct, id_user, rating, comment, created_at) VALUES (119, 6, 4, 2, 'Životní displej nikam nádobí kolektivní návrat pepř podivný omlouvat brát efekt.', '2025-04-30 12:21:29');
INSERT INTO reviews (id_review, id_priduct, id_user, rating, comment, created_at) VALUES (120, 11, 49, 5, 'Sport přítomný úraz dostupný obrovský ale židovský nařídit Český.', '2025-04-03 10:05:04');

-- cart_item
INSERT INTO cart_item (id_cart, id_order, id_priduct, quantity) VALUES (1, 29, 32, 2);
INSERT INTO cart_item (id_cart, id_order, id_priduct, quantity) VALUES (2, 35, 28, 4);
INSERT INTO cart_item (id_cart, id_order, id_priduct, quantity) VALUES (3, 4, 25, 3);
INSERT INTO cart_item (id_cart, id_order, id_priduct, quantity) VALUES (4, 52, 47, 2);
INSERT INTO cart_item (id_cart, id_order, id_priduct, quantity) VALUES (5, 60, 59, 2);
INSERT INTO cart_item (id_cart, id_order, id_priduct, quantity) VALUES (6, 80, 35, 1);
INSERT INTO cart_item (id_cart, id_order, id_priduct, quantity) VALUES (7, 51, 38, 5);
INSERT INTO cart_item (id_cart, id_order, id_priduct, quantity) VALUES (8, 4, 6, 4);
INSERT INTO cart_item (id_cart, id_order, id_priduct, quantity) VALUES (9, 18, 56, 4);
INSERT INTO cart_item (id_cart, id_order, id_priduct, quantity) VALUES (10, 24, 4, 3);
INSERT INTO cart_item (id_cart, id_order, id_priduct, quantity) VALUES (11, 49, 21, 2);
INSERT INTO cart_item (id_cart, id_order, id_priduct, quantity) VALUES (12, 59, 21, 3);
INSERT INTO cart_item (id_cart, id_order, id_priduct, quantity) VALUES (13, 49, 18, 4);
INSERT INTO cart_item (id_cart, id_order, id_priduct, quantity) VALUES (14, 33, 54, 1);
INSERT INTO cart_item (id_cart, id_order, id_priduct, quantity) VALUES (15, 61, 2, 5);
INSERT INTO cart_item (id_cart, id_order, id_priduct, quantity) VALUES (16, 7, 23, 2);
INSERT INTO cart_item (id_cart, id_order, id_priduct, quantity) VALUES (17, 9, 50, 1);
INSERT INTO cart_item (id_cart, id_order, id_priduct, quantity) VALUES (18, 4, 16, 2);
INSERT INTO cart_item (id_cart, id_order, id_priduct, quantity) VALUES (19, 3, 40, 2);
INSERT INTO cart_item (id_cart, id_order, id_priduct, quantity) VALUES (20, 31, 9, 4);
INSERT INTO cart_item (id_cart, id_order, id_priduct, quantity) VALUES (21, 15, 37, 2);
INSERT INTO cart_item (id_cart, id_order, id_priduct, quantity) VALUES (22, 60, 45, 3);
INSERT INTO cart_item (id_cart, id_order, id_priduct, quantity) VALUES (23, 48, 11, 5);
INSERT INTO cart_item (id_cart, id_order, id_priduct, quantity) VALUES (24, 78, 48, 1);
INSERT INTO cart_item (id_cart, id_order, id_priduct, quantity) VALUES (25, 21, 20, 1);
INSERT INTO cart_item (id_cart, id_order, id_priduct, quantity) VALUES (26, 75, 2, 3);
INSERT INTO cart_item (id_cart, id_order, id_priduct, quantity) VALUES (27, 74, 44, 4);
INSERT INTO cart_item (id_cart, id_order, id_priduct, quantity) VALUES (28, 51, 46, 2);
INSERT INTO cart_item (id_cart, id_order, id_priduct, quantity) VALUES (29, 10, 38, 2);
INSERT INTO cart_item (id_cart, id_order, id_priduct, quantity) VALUES (30, 14, 45, 3);
INSERT INTO cart_item (id_cart, id_order, id_priduct, quantity) VALUES (31, 77, 52, 1);
INSERT INTO cart_item (id_cart, id_order, id_priduct, quantity) VALUES (32, 73, 51, 1);
INSERT INTO cart_item (id_cart, id_order, id_priduct, quantity) VALUES (33, 45, 35, 4);
INSERT INTO cart_item (id_cart, id_order, id_priduct, quantity) VALUES (34, 48, 5, 5);
INSERT INTO cart_item (id_cart, id_order, id_priduct, quantity) VALUES (35, 44, 1, 4);
INSERT INTO cart_item (id_cart, id_order, id_priduct, quantity) VALUES (36, 63, 7, 4);
INSERT INTO cart_item (id_cart, id_order, id_priduct, quantity) VALUES (37, 47, 41, 4);
INSERT INTO cart_item (id_cart, id_order, id_priduct, quantity) VALUES (38, 20, 28, 2);
INSERT INTO cart_item (id_cart, id_order, id_priduct, quantity) VALUES (39, 67, 42, 3);
INSERT INTO cart_item (id_cart, id_order, id_priduct, quantity) VALUES (40, 79, 52, 5);
INSERT INTO cart_item (id_cart, id_order, id_priduct, quantity) VALUES (41, 62, 30, 4);
INSERT INTO cart_item (id_cart, id_order, id_priduct, quantity) VALUES (42, 76, 18, 3);
INSERT INTO cart_item (id_cart, id_order, id_priduct, quantity) VALUES (43, 32, 54, 1);
INSERT INTO cart_item (id_cart, id_order, id_priduct, quantity) VALUES (44, 36, 57, 4);
INSERT INTO cart_item (id_cart, id_order, id_priduct, quantity) VALUES (45, 32, 49, 4);
INSERT INTO cart_item (id_cart, id_order, id_priduct, quantity) VALUES (46, 73, 40, 4);
INSERT INTO cart_item (id_cart, id_order, id_priduct, quantity) VALUES (47, 44, 2, 4);
INSERT INTO cart_item (id_cart, id_order, id_priduct, quantity) VALUES (48, 42, 12, 4);
INSERT INTO cart_item (id_cart, id_order, id_priduct, quantity) VALUES (49, 28, 23, 3);
INSERT INTO cart_item (id_cart, id_order, id_priduct, quantity) VALUES (50, 44, 18, 5);
INSERT INTO cart_item (id_cart, id_order, id_priduct, quantity) VALUES (51, 36, 36, 1);
INSERT INTO cart_item (id_cart, id_order, id_priduct, quantity) VALUES (52, 67, 13, 1);
INSERT INTO cart_item (id_cart, id_order, id_priduct, quantity) VALUES (53, 31, 47, 4);
INSERT INTO cart_item (id_cart, id_order, id_priduct, quantity) VALUES (54, 63, 36, 2);
INSERT INTO cart_item (id_cart, id_order, id_priduct, quantity) VALUES (55, 61, 42, 4);
INSERT INTO cart_item (id_cart, id_order, id_priduct, quantity) VALUES (56, 58, 51, 1);
INSERT INTO cart_item (id_cart, id_order, id_priduct, quantity) VALUES (57, 12, 19, 2);
INSERT INTO cart_item (id_cart, id_order, id_priduct, quantity) VALUES (58, 52, 45, 2);
INSERT INTO cart_item (id_cart, id_order, id_priduct, quantity) VALUES (59, 40, 43, 5);
INSERT INTO cart_item (id_cart, id_order, id_priduct, quantity) VALUES (60, 48, 31, 5);
INSERT INTO cart_item (id_cart, id_order, id_priduct, quantity) VALUES (61, 68, 23, 4);
INSERT INTO cart_item (id_cart, id_order, id_priduct, quantity) VALUES (62, 71, 22, 3);
INSERT INTO cart_item (id_cart, id_order, id_priduct, quantity) VALUES (63, 59, 18, 3);
INSERT INTO cart_item (id_cart, id_order, id_priduct, quantity) VALUES (64, 33, 15, 1);
INSERT INTO cart_item (id_cart, id_order, id_priduct, quantity) VALUES (65, 25, 21, 1);
INSERT INTO cart_item (id_cart, id_order, id_priduct, quantity) VALUES (66, 69, 49, 2);
INSERT INTO cart_item (id_cart, id_order, id_priduct, quantity) VALUES (67, 25, 14, 4);
INSERT INTO cart_item (id_cart, id_order, id_priduct, quantity) VALUES (68, 36, 47, 5);
INSERT INTO cart_item (id_cart, id_order, id_priduct, quantity) VALUES (69, 68, 39, 3);
INSERT INTO cart_item (id_cart, id_order, id_priduct, quantity) VALUES (70, 13, 54, 2);
INSERT INTO cart_item (id_cart, id_order, id_priduct, quantity) VALUES (71, 38, 15, 3);
INSERT INTO cart_item (id_cart, id_order, id_priduct, quantity) VALUES (72, 23, 20, 1);
INSERT INTO cart_item (id_cart, id_order, id_priduct, quantity) VALUES (73, 69, 9, 3);
INSERT INTO cart_item (id_cart, id_order, id_priduct, quantity) VALUES (74, 6, 4, 5);
INSERT INTO cart_item (id_cart, id_order, id_priduct, quantity) VALUES (75, 38, 45, 2);
INSERT INTO cart_item (id_cart, id_order, id_priduct, quantity) VALUES (76, 63, 7, 1);
INSERT INTO cart_item (id_cart, id_order, id_priduct, quantity) VALUES (77, 74, 19, 4);
INSERT INTO cart_item (id_cart, id_order, id_priduct, quantity) VALUES (78, 62, 29, 3);
INSERT INTO cart_item (id_cart, id_order, id_priduct, quantity) VALUES (79, 24, 4, 3);
INSERT INTO cart_item (id_cart, id_order, id_priduct, quantity) VALUES (80, 62, 8, 1);
INSERT INTO cart_item (id_cart, id_order, id_priduct, quantity) VALUES (81, 52, 32, 1);
INSERT INTO cart_item (id_cart, id_order, id_priduct, quantity) VALUES (82, 74, 41, 1);
INSERT INTO cart_item (id_cart, id_order, id_priduct, quantity) VALUES (83, 20, 10, 5);
INSERT INTO cart_item (id_cart, id_order, id_priduct, quantity) VALUES (84, 39, 6, 2);
INSERT INTO cart_item (id_cart, id_order, id_priduct, quantity) VALUES (85, 16, 36, 4);
INSERT INTO cart_item (id_cart, id_order, id_priduct, quantity) VALUES (86, 78, 39, 5);
INSERT INTO cart_item (id_cart, id_order, id_priduct, quantity) VALUES (87, 29, 50, 5);
INSERT INTO cart_item (id_cart, id_order, id_priduct, quantity) VALUES (88, 49, 29, 4);
INSERT INTO cart_item (id_cart, id_order, id_priduct, quantity) VALUES (89, 39, 56, 5);
INSERT INTO cart_item (id_cart, id_order, id_priduct, quantity) VALUES (90, 55, 20, 5);
INSERT INTO cart_item (id_cart, id_order, id_priduct, quantity) VALUES (91, 80, 4, 5);
INSERT INTO cart_item (id_cart, id_order, id_priduct, quantity) VALUES (92, 13, 49, 2);
INSERT INTO cart_item (id_cart, id_order, id_priduct, quantity) VALUES (93, 28, 17, 1);
INSERT INTO cart_item (id_cart, id_order, id_priduct, quantity) VALUES (94, 21, 16, 2);
INSERT INTO cart_item (id_cart, id_order, id_priduct, quantity) VALUES (95, 71, 5, 2);
INSERT INTO cart_item (id_cart, id_order, id_priduct, quantity) VALUES (96, 1, 27, 4);
INSERT INTO cart_item (id_cart, id_order, id_priduct, quantity) VALUES (97, 77, 31, 3);
INSERT INTO cart_item (id_cart, id_order, id_priduct, quantity) VALUES (98, 5, 15, 3);
INSERT INTO cart_item (id_cart, id_order, id_priduct, quantity) VALUES (99, 37, 45, 4);
INSERT INTO cart_item (id_cart, id_order, id_priduct, quantity) VALUES (100, 10, 44, 2);
INSERT INTO cart_item (id_cart, id_order, id_priduct, quantity) VALUES (101, 34, 51, 5);
INSERT INTO cart_item (id_cart, id_order, id_priduct, quantity) VALUES (102, 26, 28, 1);
INSERT INTO cart_item (id_cart, id_order, id_priduct, quantity) VALUES (103, 70, 15, 2);
INSERT INTO cart_item (id_cart, id_order, id_priduct, quantity) VALUES (104, 35, 53, 2);
INSERT INTO cart_item (id_cart, id_order, id_priduct, quantity) VALUES (105, 10, 4, 2);
INSERT INTO cart_item (id_cart, id_order, id_priduct, quantity) VALUES (106, 40, 39, 5);
INSERT INTO cart_item (id_cart, id_order, id_priduct, quantity) VALUES (107, 37, 29, 1);
INSERT INTO cart_item (id_cart, id_order, id_priduct, quantity) VALUES (108, 60, 45, 3);
INSERT INTO cart_item (id_cart, id_order, id_priduct, quantity) VALUES (109, 52, 18, 5);
INSERT INTO cart_item (id_cart, id_order, id_priduct, quantity) VALUES (110, 70, 32, 4);
INSERT INTO cart_item (id_cart, id_order, id_priduct, quantity) VALUES (111, 11, 39, 1);
INSERT INTO cart_item (id_cart, id_order, id_priduct, quantity) VALUES (112, 56, 48, 3);
INSERT INTO cart_item (id_cart, id_order, id_priduct, quantity) VALUES (113, 78, 17, 1);
INSERT INTO cart_item (id_cart, id_order, id_priduct, quantity) VALUES (114, 12, 15, 5);
INSERT INTO cart_item (id_cart, id_order, id_priduct, quantity) VALUES (115, 76, 2, 3);
INSERT INTO cart_item (id_cart, id_order, id_priduct, quantity) VALUES (116, 74, 3, 2);
INSERT INTO cart_item (id_cart, id_order, id_priduct, quantity) VALUES (117, 61, 34, 4);
INSERT INTO cart_item (id_cart, id_order, id_priduct, quantity) VALUES (118, 36, 12, 5);
INSERT INTO cart_item (id_cart, id_order, id_priduct, quantity) VALUES (119, 56, 41, 4);
INSERT INTO cart_item (id_cart, id_order, id_priduct, quantity) VALUES (120, 12, 31, 3);
INSERT INTO cart_item (id_cart, id_order, id_priduct, quantity) VALUES (121, 53, 22, 3);
INSERT INTO cart_item (id_cart, id_order, id_priduct, quantity) VALUES (122, 14, 55, 2);
INSERT INTO cart_item (id_cart, id_order, id_priduct, quantity) VALUES (123, 43, 27, 4);
INSERT INTO cart_item (id_cart, id_order, id_priduct, quantity) VALUES (124, 37, 43, 4);
INSERT INTO cart_item (id_cart, id_order, id_priduct, quantity) VALUES (125, 71, 3, 4);
INSERT INTO cart_item (id_cart, id_order, id_priduct, quantity) VALUES (126, 12, 21, 3);
INSERT INTO cart_item (id_cart, id_order, id_priduct, quantity) VALUES (127, 42, 8, 4);
INSERT INTO cart_item (id_cart, id_order, id_priduct, quantity) VALUES (128, 66, 53, 1);
INSERT INTO cart_item (id_cart, id_order, id_priduct, quantity) VALUES (129, 70, 30, 4);
INSERT INTO cart_item (id_cart, id_order, id_priduct, quantity) VALUES (130, 7, 13, 5);
INSERT INTO cart_item (id_cart, id_order, id_priduct, quantity) VALUES (131, 47, 40, 4);
INSERT INTO cart_item (id_cart, id_order, id_priduct, quantity) VALUES (132, 57, 49, 1);
INSERT INTO cart_item (id_cart, id_order, id_priduct, quantity) VALUES (133, 27, 18, 5);
INSERT INTO cart_item (id_cart, id_order, id_priduct, quantity) VALUES (134, 17, 60, 3);
INSERT INTO cart_item (id_cart, id_order, id_priduct, quantity) VALUES (135, 57, 57, 4);
INSERT INTO cart_item (id_cart, id_order, id_priduct, quantity) VALUES (136, 16, 2, 5);
INSERT INTO cart_item (id_cart, id_order, id_priduct, quantity) VALUES (137, 31, 46, 2);
INSERT INTO cart_item (id_cart, id_order, id_priduct, quantity) VALUES (138, 40, 36, 1);
INSERT INTO cart_item (id_cart, id_order, id_priduct, quantity) VALUES (139, 71, 27, 1);
INSERT INTO cart_item (id_cart, id_order, id_priduct, quantity) VALUES (140, 29, 54, 1);
INSERT INTO cart_item (id_cart, id_order, id_priduct, quantity) VALUES (141, 60, 8, 2);
INSERT INTO cart_item (id_cart, id_order, id_priduct, quantity) VALUES (142, 64, 60, 3);
INSERT INTO cart_item (id_cart, id_order, id_priduct, quantity) VALUES (143, 66, 46, 3);
INSERT INTO cart_item (id_cart, id_order, id_priduct, quantity) VALUES (144, 54, 54, 4);
INSERT INTO cart_item (id_cart, id_order, id_priduct, quantity) VALUES (145, 61, 16, 4);
INSERT INTO cart_item (id_cart, id_order, id_priduct, quantity) VALUES (146, 71, 10, 4);
INSERT INTO cart_item (id_cart, id_order, id_priduct, quantity) VALUES (147, 25, 59, 5);
INSERT INTO cart_item (id_cart, id_order, id_priduct, quantity) VALUES (148, 66, 48, 2);
INSERT INTO cart_item (id_cart, id_order, id_priduct, quantity) VALUES (149, 9, 18, 4);
INSERT INTO cart_item (id_cart, id_order, id_priduct, quantity) VALUES (150, 44, 60, 5);
INSERT INTO cart_item (id_cart, id_order, id_priduct, quantity) VALUES (151, 35, 53, 1);
INSERT INTO cart_item (id_cart, id_order, id_priduct, quantity) VALUES (152, 37, 47, 3);
INSERT INTO cart_item (id_cart, id_order, id_priduct, quantity) VALUES (153, 76, 38, 4);
INSERT INTO cart_item (id_cart, id_order, id_priduct, quantity) VALUES (154, 20, 29, 5);
INSERT INTO cart_item (id_cart, id_order, id_priduct, quantity) VALUES (155, 62, 23, 3);
INSERT INTO cart_item (id_cart, id_order, id_priduct, quantity) VALUES (156, 71, 49, 5);
INSERT INTO cart_item (id_cart, id_order, id_priduct, quantity) VALUES (157, 49, 30, 3);
INSERT INTO cart_item (id_cart, id_order, id_priduct, quantity) VALUES (158, 25, 45, 2);
INSERT INTO cart_item (id_cart, id_order, id_priduct, quantity) VALUES (159, 74, 25, 2);
INSERT INTO cart_item (id_cart, id_order, id_priduct, quantity) VALUES (160, 53, 3, 3);
INSERT INTO cart_item (id_cart, id_order, id_priduct, quantity) VALUES (161, 61, 46, 4);
INSERT INTO cart_item (id_cart, id_order, id_priduct, quantity) VALUES (162, 50, 43, 2);
INSERT INTO cart_item (id_cart, id_order, id_priduct, quantity) VALUES (163, 64, 3, 2);
INSERT INTO cart_item (id_cart, id_order, id_priduct, quantity) VALUES (164, 65, 38, 3);
INSERT INTO cart_item (id_cart, id_order, id_priduct, quantity) VALUES (165, 13, 56, 4);
INSERT INTO cart_item (id_cart, id_order, id_priduct, quantity) VALUES (166, 13, 34, 4);
INSERT INTO cart_item (id_cart, id_order, id_priduct, quantity) VALUES (167, 2, 47, 2);
INSERT INTO cart_item (id_cart, id_order, id_priduct, quantity) VALUES (168, 53, 56, 2);
INSERT INTO cart_item (id_cart, id_order, id_priduct, quantity) VALUES (169, 10, 31, 3);
INSERT INTO cart_item (id_cart, id_order, id_priduct, quantity) VALUES (170, 44, 40, 4);
INSERT INTO cart_item (id_cart, id_order, id_priduct, quantity) VALUES (171, 11, 55, 3);
INSERT INTO cart_item (id_cart, id_order, id_priduct, quantity) VALUES (172, 69, 25, 3);
INSERT INTO cart_item (id_cart, id_order, id_priduct, quantity) VALUES (173, 63, 56, 5);
INSERT INTO cart_item (id_cart, id_order, id_priduct, quantity) VALUES (174, 5, 40, 1);
INSERT INTO cart_item (id_cart, id_order, id_priduct, quantity) VALUES (175, 31, 41, 3);
INSERT INTO cart_item (id_cart, id_order, id_priduct, quantity) VALUES (176, 30, 48, 1);
INSERT INTO cart_item (id_cart, id_order, id_priduct, quantity) VALUES (177, 56, 7, 1);
INSERT INTO cart_item (id_cart, id_order, id_priduct, quantity) VALUES (178, 57, 11, 3);
INSERT INTO cart_item (id_cart, id_order, id_priduct, quantity) VALUES (179, 4, 3, 3);
INSERT INTO cart_item (id_cart, id_order, id_priduct, quantity) VALUES (180, 8, 19, 3);
INSERT INTO cart_item (id_cart, id_order, id_priduct, quantity) VALUES (181, 48, 28, 2);
INSERT INTO cart_item (id_cart, id_order, id_priduct, quantity) VALUES (182, 32, 34, 4);
INSERT INTO cart_item (id_cart, id_order, id_priduct, quantity) VALUES (183, 73, 44, 2);
INSERT INTO cart_item (id_cart, id_order, id_priduct, quantity) VALUES (184, 22, 12, 1);
INSERT INTO cart_item (id_cart, id_order, id_priduct, quantity) VALUES (185, 79, 56, 4);
INSERT INTO cart_item (id_cart, id_order, id_priduct, quantity) VALUES (186, 80, 44, 2);
INSERT INTO cart_item (id_cart, id_order, id_priduct, quantity) VALUES (187, 64, 59, 5);
INSERT INTO cart_item (id_cart, id_order, id_priduct, quantity) VALUES (188, 19, 15, 4);
INSERT INTO cart_item (id_cart, id_order, id_priduct, quantity) VALUES (189, 33, 30, 3);
INSERT INTO cart_item (id_cart, id_order, id_priduct, quantity) VALUES (190, 2, 58, 4);
INSERT INTO cart_item (id_cart, id_order, id_priduct, quantity) VALUES (191, 37, 44, 5);
INSERT INTO cart_item (id_cart, id_order, id_priduct, quantity) VALUES (192, 21, 5, 4);
INSERT INTO cart_item (id_cart, id_order, id_priduct, quantity) VALUES (193, 45, 38, 3);
INSERT INTO cart_item (id_cart, id_order, id_priduct, quantity) VALUES (194, 55, 45, 3);
INSERT INTO cart_item (id_cart, id_order, id_priduct, quantity) VALUES (195, 59, 55, 3);
INSERT INTO cart_item (id_cart, id_order, id_priduct, quantity) VALUES (196, 26, 25, 4);
INSERT INTO cart_item (id_cart, id_order, id_priduct, quantity) VALUES (197, 14, 16, 4);
INSERT INTO cart_item (id_cart, id_order, id_priduct, quantity) VALUES (198, 74, 23, 5);
INSERT INTO cart_item (id_cart, id_order, id_priduct, quantity) VALUES (199, 38, 45, 3);
INSERT INTO cart_item (id_cart, id_order, id_priduct, quantity) VALUES (200, 3, 54, 4);
